code_module,gender,region,highest_education,imd_band,age_band,num_of_prev_attempts,studied_credits,disability,date_submitted,is_banked,score,assessment_type,date,weight,sum_click,n_student
5,1,8,2,3,0,-0.3296180874040059,-0.4440590780579271,0,-0.4315888430463564,0,-1.75613242066373,2,-0.5791519293208376,0.6037554348689503,-0.2612651247472853,100019
5,1,6,2,2,0,-0.3296180874040059,-0.4440590780579271,0,-0.9795751534295344,0,-0.343776051353168,2,-1.064748707519119,-0.0537814191532522,0.3940601056884371,100047
5,1,10,0,6,0,-0.3296180874040059,-0.4440590780579271,0,1.507439639847966,0,0.525366329761024,0,1.3501109462236862,-0.7113182731754548,0.9345667319834547,100008
4,1,10,1,9,0,-0.3296180874040059,-1.2622991892120947,0,0.0601937431949572,0,0.199437936843202,2,-0.1198036256197604,0.761564279834279,0.5428556437075135,100013
5,1,6,2,5,0,-0.3296180874040059,1.1924211442504082,0,1.4090831225997031,0,-0.343776051353168,0,1.1663716247432554,-0.7113182731754548,0.0660069510007095,100041
4,1,6,0,7,0,-0.3296180874040059,-0.9895524854940388,0,-1.2324919120679243,0,0.9056161214984833,2,-1.3141092152425609,0.1303288999729644,-0.3436689528890836,100053
2,1,9,0,3,0,-0.3296180874040059,-1.2622991892120947,0,0.4255179501170759,0,0.8512947226788461,2,0.2476750173411012,0.761564279834279,2.14914448326778,100056
5,1,3,0,1,1,-0.3296180874040059,-0.4440590780579271,0,-0.3472832568335598,0,0.253759335662839,2,-0.4872822685806221,0.6037554348689503,1.000567902390867,100044
6,0,9,0,6,0,-0.3296180874040059,-1.2622991892120947,0,-1.0919826017132632,0,0.362402133302113,2,-0.9466305722816992,-0.7113182731754548,-0.2003409674481359,100043
3,1,1,0,7,0,-0.3296180874040059,-0.4440590780579271,0,-0.8812186361812717,0,-1.3758826289262711,2,-1.0516244702705169,-0.0537814191532522,-0.6443843446861672,100068
5,1,12,2,3,0,-0.3296180874040059,-0.4440590780579271,0,-1.42920494656445,0,0.3080807344824761,2,-1.4978485367229917,-0.0537814191532522,0.1370851345163838,100025
5,1,4,2,4,1,1.8759390456584504,2.8289013665587435,0,-1.035778877571399,0,-1.21291843246736,2,-1.13036989376213,-0.0537814191532522,2.809937266281631,100009
6,0,9,0,2,0,-0.3296180874040059,-1.2622991892120947,0,1.268573812245042,0,-0.886990039549538,0,1.1663716247432554,-0.7113182731754548,-0.8759742503169082,100053
1,0,12,0,7,0,-0.3296180874040059,0.3741810330962405,0,-0.8952695672167378,0,0.199437936843202,0,-1.0385002330219146,-0.6587153248536786,-0.7654515803447334,100058
1,0,1,2,8,0,-0.3296180874040059,1.1924211442504082,0,0.439568881152542,0,-0.724025843090627,2,0.2476750173411012,1.1297849180867126,-0.4963698856068235,100047
2,1,4,0,3,0,-0.3296180874040059,2.010661255404576,0,1.830611053663686,0,0.7426519250395721,1,-0.0641148494219308,4.548976559002166,-0.7966947379340408,100086
2,0,12,1,0,1,-0.3296180874040059,1.1924211442504082,0,0.3833651570106776,0,0.145116538023565,0,0.1426811193522836,-0.2904946866012451,-0.1120790472583426,100035
0,1,2,2,3,0,-0.3296180874040059,1.1924211442504082,0,-1.316797498280721,0,-0.9413114383691752,2,-1.4978485367229917,-0.1852887899576927,-0.9060457894966166,100049
2,1,1,0,2,1,-0.3296180874040059,-1.2622991892120947,0,-0.0100609119823733,0,0.199437936843202,2,-0.1329278628683626,0.3407406932600693,-0.2272881908689135,100029
2,1,12,2,0,0,-0.3296180874040059,1.1924211442504082,0,1.6057961570962285,0,0.036473740384291,0,1.4157321324666972,-0.7113182731754548,1.0216570337636492,100064
1,0,10,1,3,0,-0.3296180874040059,1.1924211442504082,0,0.5660272604717369,0,0.362402133302113,2,0.3395446780813166,0.2355347966165168,-0.7767772249708573,100095
4,1,8,2,9,0,-0.3296180874040059,-0.4440590780579271,0,0.046142812159491,0,1.068580317957394,2,-0.1198036256197604,0.761564279834279,0.5108314071784734,100093
3,1,6,0,9,1,-0.3296180874040059,-0.4440590780579271,0,0.6081800535781352,0,-0.506740247812079,2,0.4182901015729298,0.3407406932600693,0.2140214100800532,100082
5,1,4,2,3,0,-0.3296180874040059,1.1924211442504082,0,-0.2770286016562293,0,-1.919096617122641,2,-0.5135307430778265,0.6037554348689503,-0.7400665148034211,100069
5,0,11,0,7,0,-0.3296180874040059,1.1924211442504082,0,0.0320918811240249,0,-0.452418848992442,0,1.3501109462236862,-0.7113182731754548,0.2843185146559949,100009
5,1,0,0,4,0,-0.3296180874040059,-0.4440590780579271,0,-1.4011030844935175,0,1.2858659132359422,0,-1.510972773971594,-0.6061123765319024,2.2436550349754345,100046
3,0,12,0,8,1,-0.3296180874040059,-0.4440590780579271,0,1.0718607777485167,0,1.1229017167770312,2,0.9695080660142223,0.3407406932600693,2.734563148597427,100070
5,1,8,1,6,1,-0.3296180874040059,0.3741810330962405,0,0.7627402949682623,0,1.177223115596668,2,0.4314143388215321,0.6037554348689503,0.3065792644383764,100083
5,1,7,1,6,0,-0.3296180874040059,-0.4440590780579271,0,-1.3589502913871192,0,1.231544514416305,0,1.2319928109862663,-0.7113182731754548,1.678153882608971,100037
5,1,10,2,3,1,-0.3296180874040059,-0.4440590780579271,0,-1.063880739642331,0,1.2858659132359422,0,1.3501109462236862,-0.7113182731754548,1.2606671893218508,100044
0,1,6,0,7,1,-0.3296180874040059,-0.4440590780579271,0,-0.8390658430748734,0,-0.615383045451353,2,-1.0385002330219146,0.3407406932600693,0.3971844214473678,100055
5,1,0,0,9,0,-0.3296180874040059,-0.4440590780579271,0,-0.5580472223655514,0,0.7969733238592092,0,1.1663716247432554,-0.7113182731754548,0.5908919985010737,100009
2,1,3,0,1,0,-0.3296180874040059,2.010661255404576,0,1.2123700881031776,0,1.068580317957394,2,0.9695080660142223,0.4459465899036217,0.2409686335008309,100026
5,1,6,2,8,1,-0.3296180874040059,-0.4440590780579271,0,1.507439639847966,0,0.4710449309413871,0,1.3501109462236862,-0.7113182731754548,2.518985361231206,100067
3,1,7,3,2,0,-0.3296180874040059,-0.4440590780579271,0,1.7603563984863555,0,-1.430204027745908,1,-0.0641148494219308,4.548976559002166,0.0285151618935406,100099
5,1,5,0,2,0,-0.3296180874040059,2.010661255404576,0,-1.3730012224225854,0,-0.0178476584353459,2,-1.4322273504799807,-0.0537814191532522,0.2089443969717908,100083
5,1,11,0,0,0,-0.3296180874040059,0.3741810330962405,0,-1.0217279465359328,0,-0.235133253713894,2,-1.13036989376213,-0.0537814191532522,-0.0456873373810644,100037
2,0,9,1,4,1,-0.3296180874040059,0.3741810330962405,0,1.7463054674508895,0,-0.1264904560746199,1,-0.0641148494219308,4.548976559002166,0.8892641534789592,100069
2,1,10,0,0,0,-0.3296180874040059,-0.4440590780579271,0,-0.9514732913586024,0,0.6340091274002981,2,-1.0516244702705169,-0.0537814191532522,1.0220475732335157,100097
2,0,2,0,8,0,-0.3296180874040059,2.010661255404576,0,-1.2465428431033905,0,0.525366329761024,2,-1.327233452491163,-0.2378917382794689,-0.5268319642563982,100062
1,0,8,0,4,0,-0.3296180874040059,1.1924211442504082,0,-0.0100609119823733,0,1.2858659132359422,0,-0.2116732863599758,-0.6587153248536786,-0.7701380539831295,100027
5,1,3,2,1,0,-0.3296180874040059,1.1924211442504082,0,1.423134053635169,0,-0.1264904560746199,0,1.1663716247432554,-0.7113182731754548,-0.1452749021969817,100042
1,0,3,1,5,1,-0.3296180874040059,-0.4440590780579271,0,0.973504260500254,0,1.2858659132359422,0,0.7070233210421784,-0.6587153248536786,-0.8697256187990468,100011
3,1,11,0,4,0,-0.3296180874040059,0.3741810330962405,0,-0.937422360323136,0,-0.724025843090627,2,-1.0516244702705169,-0.1852887899576927,-0.8002095931628378,100037
1,0,2,2,4,1,-0.3296180874040059,6.783728570470554,0,-1.1200844637841956,0,-0.995632837188812,2,-1.13036989376213,0.2355347966165168,1.6320702251647423,100036
1,1,11,2,1,0,-0.3296180874040059,-0.4440590780579271,1,-1.4432558775999158,0,1.2858659132359422,2,-1.4978485367229917,-0.7113182731754548,-0.6721126470466775,100001
3,1,1,2,5,0,-0.3296180874040059,0.3741810330962405,0,1.6479489502026268,0,-2.679596200597559,1,1.6782168774387414,4.548976559002166,-0.6564910682520239,100047
5,1,7,0,3,0,-0.3296180874040059,1.1924211442504082,0,0.1163974673368216,0,0.199437936843202,2,-0.0541824393767494,0.6037554348689503,0.3803912242431151,100040
1,0,9,0,2,0,-0.3296180874040059,-0.4440590780579271,0,0.0882956052658894,0,0.199437936843202,0,-0.1198036256197604,-0.6587153248536786,-0.7552975541282084,100024
6,0,1,0,9,1,-0.3296180874040059,-1.2622991892120947,0,-0.0381627740533055,0,-0.180811854894257,2,-0.2116732863599758,-0.7113182731754548,-0.8361392243905413,100080
5,1,3,2,7,0,-0.3296180874040059,-0.4440590780579271,0,-1.3730012224225854,0,0.525366329761024,2,-1.4322273504799807,-0.0537814191532522,-0.1425411259079173,100089
2,1,9,0,3,0,-0.3296180874040059,1.1924211442504082,0,-0.7126074637556785,0,0.8512947226788461,0,-0.867885148790086,-0.3430976349230213,-0.3120352558299099,100087
5,1,8,1,9,1,-0.3296180874040059,2.010661255404576,0,-0.2910795326916954,0,-1.21291843246736,2,-0.4872822685806221,0.6037554348689503,-0.4975415040164225,100072
5,0,2,2,7,0,-0.3296180874040059,-0.4440590780579271,0,0.172601191478686,0,0.090795139203928,0,1.1663716247432554,-0.7113182731754548,1.8894357358066625,100025
5,0,5,2,0,0,-0.3296180874040059,-0.4440590780579271,0,-1.1481863258551277,0,0.525366329761024,0,1.4157321324666972,-0.7113182731754548,0.7998306148795667,100016
5,1,1,0,4,0,1.8759390456584504,3.919888181430967,0,-0.3191813947626276,0,0.5796877285806611,2,-0.4872822685806221,0.6037554348689503,-0.0781021133799708,100026
2,1,3,0,1,0,-0.3296180874040059,-1.2622991892120947,0,1.0999626398194489,0,0.253759335662839,2,0.8645141680254047,0.6037554348689503,2.7615103720182046,100067
1,0,8,0,8,1,-0.3296180874040059,-0.4440590780579271,0,0.1163974673368216,0,-0.724025843090627,2,-0.027933964879545,0.2355347966165168,-0.8880809738827649,100095
4,1,5,2,0,0,-0.3296180874040059,-0.4440590780579271,0,0.7486893639327963,0,1.068580317957394,2,0.4314143388215321,0.761564279834279,-0.1526951521244422,100037
4,0,10,2,0,0,-0.3296180874040059,-0.4440590780579271,0,1.5495924329543642,0,0.199437936843202,1,-0.0641148494219308,4.548976559002166,0.1558310290699682,100056
3,0,6,2,0,0,-0.3296180874040059,-0.4440590780579271,0,-0.4596907051172886,0,0.9599375203181202,2,-0.5922761665694397,0.2092333224556287,-0.1487897574257787,100001
1,0,8,0,8,0,-0.3296180874040059,-0.4440590780579271,0,-0.9936260844650006,0,0.199437936843202,0,-1.13036989376213,-0.6587153248536786,-0.8693350793291804,100078
1,0,0,0,6,0,-0.3296180874040059,-0.4440590780579271,0,-1.049829808606865,0,-0.180811854894257,2,-1.13036989376213,0.2355347966165168,-0.8013812115724368,100078
3,1,11,0,7,0,-0.3296180874040059,-0.4440590780579271,0,-0.4737416361527547,0,-0.506740247812079,2,-0.5922761665694397,0.2092333224556287,-0.4920739514382937,100084
2,0,8,0,9,1,-0.3296180874040059,15.102503033871258,1,1.6057961570962285,0,-0.343776051353168,1,-0.0641148494219308,4.548976559002166,3.359816839853441,100007
6,0,5,0,5,1,-0.3296180874040059,-1.2622991892120947,0,1.3528793984578389,0,1.2858659132359422,0,1.2582412854834708,-0.7113182731754548,-0.66117754189042,100086
1,0,3,2,1,1,-0.3296180874040059,-0.4440590780579271,1,-1.42920494656445,0,-0.886990039549538,2,-1.4978485367229917,-0.4483035315665737,-0.6916396205399946,100033
6,0,0,2,0,0,-0.3296180874040059,-1.2622991892120947,0,0.3271614328688131,0,1.2858659132359422,0,1.1663716247432554,-0.7113182731754548,-0.6900774626605293,100019
1,0,11,0,0,0,-0.3296180874040059,-0.4440590780579271,0,-1.5275614638127124,0,0.5796877285806611,2,-1.589718197463207,-0.4483035315665737,-0.8396540796193384,100038
3,1,0,0,2,0,-0.3296180874040059,1.1924211442504082,0,0.4114670190816097,0,0.3080807344824761,2,0.168929593849488,0.6037554348689503,-0.7599840277666046,100037
5,1,6,2,7,0,-0.3296180874040059,-0.4440590780579271,0,-0.8812186361812717,0,-1.538846825385182,2,-1.064748707519119,-0.0537814191532522,-0.7595934882967382,100099
1,0,9,1,7,0,-0.3296180874040059,-0.4440590780579271,0,0.6222309846136014,0,-0.886990039549538,0,0.3395446780813166,-0.6587153248536786,-0.7986474352833725,100094
1,0,5,0,0,1,-0.3296180874040059,-0.4440590780579271,0,-0.937422360323136,0,-0.235133253713894,2,-1.0385002330219146,-0.1852887899576927,-0.8474648690166653,100097
3,1,4,4,3,0,-0.3296180874040059,-0.4440590780579271,0,1.6338980191671608,0,1.068580317957394,1,1.4157321324666972,4.548976559002166,-0.4475524518735306,100041
0,0,7,2,8,1,-0.3296180874040059,-0.4440590780579271,0,-1.4151540155289837,0,0.090795139203928,2,-1.4978485367229917,-0.1852887899576927,0.6709525898236738,100063
2,1,12,1,7,0,-0.3296180874040059,-0.9895524854940388,0,1.395032191564237,0,-3.005524593515381,0,1.0613777267544378,-0.2904946866012451,-0.2499394801211614,100006
1,0,11,2,1,1,-0.3296180874040059,1.1924211442504082,0,-0.3332323257980937,0,-0.180811854894257,2,-0.4872822685806221,0.2355347966165168,-0.6197803580845876,100063
1,0,0,2,7,0,-0.3296180874040059,-0.4440590780579271,0,-0.248926739585297,0,1.2858659132359422,0,-0.4872822685806221,-0.6587153248536786,-0.9158092762432752,100008
3,0,12,0,6,0,-0.3296180874040059,-0.4440590780579271,0,-0.4456397740818225,0,1.068580317957394,2,-0.5922761665694397,0.2092333224556287,-0.388580991923713,100047
1,0,4,0,2,0,-0.3296180874040059,-0.4440590780579271,0,0.0882956052658894,0,0.199437936843202,0,-0.1198036256197604,-0.6587153248536786,-0.8751931713771756,100082
3,1,8,1,9,2,-0.3296180874040059,-0.4440590780579271,0,-1.457306808635382,0,0.7426519250395721,2,-1.4191031132313785,-0.1852887899576927,0.1351324371670521,100007
1,0,8,4,9,1,-0.3296180874040059,-0.4440590780579271,0,0.0882956052658894,0,1.2858659132359422,0,-0.1198036256197604,-0.6587153248536786,-0.7064801203949157,100023
6,0,5,0,1,0,-0.3296180874040059,-1.2622991892120947,0,1.3669303294933048,0,1.2858659132359422,0,1.2582412854834708,-0.7113182731754548,-0.8705066977387794,100026
5,1,11,0,5,0,-0.3296180874040059,1.1924211442504082,0,0.2850086397624148,0,0.253759335662839,2,-0.027933964879545,0.6037554348689503,-0.2866501902885976,100092
1,0,12,2,5,1,-0.3296180874040059,-0.4440590780579271,0,-0.1505702223370343,0,-0.289454652533531,2,-0.3035429471001913,0.3407406932600693,-0.479967227872437,100054
2,1,4,4,3,2,-0.3296180874040059,-1.2622991892120947,0,1.0156570536066525,0,0.7969733238592092,2,0.8776384052740069,0.4459465899036217,0.1394283713355819,100098
5,0,8,0,5,0,-0.3296180874040059,-0.4440590780579271,0,1.268573812245042,0,0.8512947226788461,0,1.1663716247432554,-0.7113182731754548,-0.0398292453330692,100028
2,1,5,1,3,0,-0.3296180874040059,0.3741810330962405,0,-1.4011030844935175,0,0.199437936843202,0,-1.510972773971594,-0.6061123765319024,-0.6850004495522668,100032
1,0,9,2,2,0,-0.3296180874040059,1.1924211442504082,0,-1.4432558775999158,0,-4.091952569908122,2,-1.4978485367229917,-0.7113182731754548,-0.721711159719703,100033
0,0,8,1,9,0,-0.3296180874040059,-0.4440590780579271,0,-0.0381627740533055,0,-1.7018110218440932,2,-0.2116732863599758,0.3407406932600693,0.1948849760566025,100008
5,1,7,0,0,0,-0.3296180874040059,-0.4440590780579271,0,0.2288049156205504,0,0.7969733238592092,0,1.1663716247432554,-0.7113182731754548,0.5916730774408063,100076
5,1,6,0,7,0,-0.3296180874040059,-0.4440590780579271,0,-1.4151540155289837,0,0.41672353212175,2,-1.4978485367229917,-0.0537814191532522,-0.1038777183911494,100067
5,1,8,1,2,1,-0.3296180874040059,1.1924211442504082,0,0.1163974673368216,0,1.0142589191377571,2,-0.027933964879545,0.6037554348689503,-0.0659953898141142,100053
6,0,0,2,5,0,-0.3296180874040059,-1.2622991892120947,1,0.6924856397909318,0,-0.615383045451353,2,0.5232839995617474,-0.7113182731754548,-0.8716783161483784,100041
5,1,4,2,3,0,-0.3296180874040059,-0.4440590780579271,0,1.2123700881031776,0,-0.343776051353168,0,1.3501109462236862,-0.7113182731754548,-0.086303442247164,100049
1,0,7,2,4,0,-0.3296180874040059,-0.4440590780579271,0,-1.3027465672452547,0,1.2858659132359422,2,-1.4978485367229917,-0.7113182731754548,-0.1808139939548188,100040
5,0,5,1,1,0,-0.3296180874040059,1.1924211442504082,0,-0.9795751534295344,0,0.7426519250395721,2,-1.064748707519119,-0.0537814191532522,0.3827344610623132,100009
1,0,11,2,3,0,4.081496178720906,-0.4440590780579271,0,1.2264210191386438,0,-0.235133253713894,2,0.9826323032628246,0.2355347966165168,-0.9048741710870176,100082
2,1,8,0,6,0,1.8759390456584504,-0.4440590780579271,1,0.1163974673368216,0,0.362402133302113,2,-0.0541824393767494,0.6037554348689503,-0.4928550303780264,100013
5,1,6,1,3,1,-0.3296180874040059,-0.4440590780579271,0,1.521490570883432,0,0.6340091274002981,0,1.3501109462236862,-0.7113182731754548,0.302673869739713,100083
1,0,1,2,6,1,1.8759390456584504,2.8289013665587435,0,-1.42920494656445,0,-1.049954236008449,2,-1.4978485367229917,-0.4483035315665737,-0.5639332138937007,100071
1,0,6,0,2,0,-0.3296180874040059,1.1924211442504082,0,-0.1646211533725004,0,-0.0178476584353459,2,-0.3035429471001913,0.3407406932600693,-0.390924228742911,100033
5,1,6,1,1,1,-0.3296180874040059,-0.4440590780579271,0,-0.3894360499399581,0,0.3080807344824761,2,-0.4872822685806221,0.6037554348689503,0.7260186550748281,100079
1,0,8,0,9,0,-0.3296180874040059,-0.4440590780579271,0,-1.42920494656445,0,0.5796877285806611,2,-1.4978485367229917,-0.4483035315665737,-0.3987350181402379,100015
2,1,7,2,8,0,-0.3296180874040059,4.465381588867079,0,-1.1200844637841956,0,-0.615383045451353,2,-1.2091153172537432,-0.1852887899576927,-0.6279816869517808,100033
4,1,8,2,7,1,-0.3296180874040059,-1.2622991892120947,0,0.0320918811240249,0,1.2858659132359422,2,-0.1198036256197604,0.761564279834279,3.260229275037524,100042
1,0,6,1,1,0,-0.3296180874040059,-0.4440590780579271,0,-0.8952695672167378,0,0.199437936843202,0,-1.0385002330219146,-0.6587153248536786,-0.7720907513324612,100023
1,0,12,2,2,0,-0.3296180874040059,1.1924211442504082,0,-0.3472832568335598,0,0.199437936843202,0,-0.5791519293208376,-0.6587153248536786,-0.7970852774039071,100043
1,0,9,0,3,1,4.081496178720906,1.1924211442504082,0,-0.8390658430748734,0,1.2858659132359422,0,-1.0385002330219146,-0.6587153248536786,-0.0011658378163013,100049
5,1,11,2,1,0,-0.3296180874040059,-0.4440590780579271,0,1.3669303294933048,0,0.145116538023565,0,1.1663716247432554,-0.7113182731754548,-0.3713972552495939,100000
2,1,0,1,8,0,-0.3296180874040059,-0.4440590780579271,0,-0.7407093258266106,0,0.6883305262199351,2,-0.8547609115414838,0.761564279834279,0.2448740281994943,100055
3,1,5,2,0,0,-0.3296180874040059,1.1924211442504082,0,-1.344899360351653,0,0.41672353212175,2,-1.4191031132313785,-0.1852887899576927,-0.362414847442668,100090
5,1,1,0,2,0,1.8759390456584504,1.1924211442504082,0,1.0578098467130506,0,0.3080807344824761,0,1.3501109462236862,-0.7113182731754548,-0.6709410286370785,100036
1,0,6,2,7,1,-0.3296180874040059,-0.4440590780579271,0,-1.5556633258836448,0,0.090795139203928,2,-1.589718197463207,-0.4483035315665737,-0.4526294649817931,100075
3,0,11,0,3,0,-0.3296180874040059,-0.4440590780579271,0,1.254522881209576,0,-2.1363822124011893,0,0.95638382876562,-0.3957005832447975,-0.1976071911590715,100074
5,1,1,2,4,0,-0.3296180874040059,-0.4440590780579271,0,0.0320918811240249,0,-0.0178476584353459,0,1.1663716247432554,-0.7113182731754548,0.0414029643991299,100048
1,0,3,2,6,0,-0.3296180874040059,0.3741810330962405,0,0.0742446742304233,0,-1.4845254265655452,2,-0.1198036256197604,0.2355347966165168,-0.9181525130624733,100089
1,0,7,1,7,0,-0.3296180874040059,1.1924211442504082,0,-0.248926739585297,0,1.2858659132359422,0,-0.4872822685806221,-0.6587153248536786,-0.8142690140780261,100056
4,1,7,2,9,0,-0.3296180874040059,1.1924211442504082,0,0.3833651570106776,0,0.9599375203181202,0,0.1426811193522836,-0.2904946866012451,0.9595612580549008,100074
5,1,2,1,3,1,-0.3296180874040059,-0.4440590780579271,0,0.0882956052658894,0,0.9056161214984833,2,-0.027933964879545,0.6037554348689503,1.8281210390376463,100017
5,1,0,2,5,1,-0.3296180874040059,-0.4440590780579271,0,0.7346384328973301,0,0.41672353212175,2,0.5232839995617474,0.6037554348689503,0.7478888653873432,100083
5,1,8,2,8,1,-0.3296180874040059,-0.4440590780579271,0,-0.4034869809754242,0,-0.398097450172805,2,-0.5135307430778265,0.6037554348689503,1.323544043970332,100077
3,1,2,0,4,0,-0.3296180874040059,-0.4440590780579271,0,-0.1365192913015682,0,-0.1264904560746199,2,-0.2904187098515891,0.6037554348689503,-0.8912052896416955,100097
5,1,4,0,3,1,-0.3296180874040059,0.3741810330962405,1,0.7627402949682623,0,0.525366329761024,0,1.3501109462236862,-0.7113182731754548,-0.1335587181009914,100068
4,1,2,2,8,0,-0.3296180874040059,0.3741810330962405,0,0.0742446742304233,0,0.9056161214984833,2,-0.027933964879545,0.761564279834279,0.1808255551414141,100040
3,1,7,2,9,0,-0.3296180874040059,-0.4440590780579271,1,0.3833651570106776,0,-0.180811854894257,0,0.1426811193522836,-0.2904946866012451,-0.3854566761647822,100014
5,1,6,1,5,1,-0.3296180874040059,-0.4440590780579271,1,0.1585502604432199,0,-0.235133253713894,2,-0.027933964879545,0.6037554348689503,1.2423118342381327,100052
5,1,4,2,3,1,-0.3296180874040059,-0.4440590780579271,0,0.7486893639327963,0,1.1229017167770312,0,1.1663716247432554,-0.7113182731754548,0.1812160946112805,100053
5,1,10,2,6,0,-0.3296180874040059,0.3741810330962405,0,0.9313514673938555,0,-0.343776051353168,0,1.3501109462236862,-0.7113182731754548,-0.0015563772861677,100052
5,1,11,2,5,1,-0.3296180874040059,1.1924211442504082,0,1.3107266053514404,0,0.6340091274002981,0,1.1663716247432554,-0.7113182731754548,0.3264967774015598,100075
1,0,11,1,7,0,-0.3296180874040059,-0.4440590780579271,0,0.6784347087554657,0,1.2858659132359422,0,0.4314143388215321,-0.6587153248536786,-0.7334273438156933,100044
6,0,8,2,7,0,-0.3296180874040059,0.3741810330962405,0,1.128064501890381,0,1.2858659132359422,0,1.2582412854834708,-0.7113182731754548,-0.6553194498424249,100009
2,0,12,2,1,0,-0.3296180874040059,1.1924211442504082,0,-1.4011030844935175,0,-0.343776051353168,0,-1.510972773971594,-0.6061123765319024,-0.5932236741336764,100063
5,0,11,0,4,0,-0.3296180874040059,-0.4440590780579271,0,-0.9936260844650006,0,0.3080807344824761,0,1.1663716247432554,-0.7113182731754548,0.7748360888081209,100032
4,1,3,0,4,1,-0.3296180874040059,-1.2622991892120947,1,-0.0522137050887716,0,-0.289454652533531,2,-0.2116732863599758,0.761564279834279,0.5252813675635282,100071
4,0,3,0,1,0,-0.3296180874040059,3.647141477712912,0,-1.2324919120679243,0,-0.886990039549538,2,-1.327233452491163,-0.2378917382794689,-0.6705504891672122,100087
3,1,8,0,9,1,4.081496178720906,1.1924211442504082,0,-0.8390658430748734,0,-1.864775218303004,2,-1.0516244702705169,-0.0537814191532522,-0.9068268684363492,100042
5,1,0,2,3,0,-0.3296180874040059,-0.4440590780579271,1,-1.5416123948481786,0,0.8512947226788461,0,1.2319928109862663,-0.7113182731754548,1.235672663250405,100025
4,1,10,2,8,0,-0.3296180874040059,2.41978131098166,0,-1.2746447051743226,0,-0.5610616466317161,2,-1.3141092152425609,0.1303288999729644,-0.835748684920675,100020
5,1,7,0,7,0,-0.3296180874040059,-0.4440590780579271,0,1.0156570536066525,0,0.8512947226788461,2,0.8645141680254047,0.6037554348689503,0.146458081793176,100095
2,1,4,2,3,0,-0.3296180874040059,-1.2622991892120947,0,-1.3870521534580516,0,-0.506740247812079,0,-1.510972773971594,-0.6061123765319024,0.926755942586128,100052
3,0,10,1,9,0,-0.3296180874040059,-0.4440590780579271,0,-1.3730012224225854,0,-2.462310605319012,2,-1.4191031132313785,-0.3167961607621333,-0.8412162374988038,100034
3,0,4,0,3,0,-0.3296180874040059,-0.4440590780579271,0,-0.1365192913015682,0,-0.6697044442709901,2,-0.2904187098515891,0.6037554348689503,-0.1651924151601651,100087
5,1,6,2,8,0,-0.3296180874040059,-0.4440590780579271,0,-0.9514732913586024,0,0.6340091274002981,0,1.1663716247432554,-0.7113182731754548,1.09312575674919,100024
5,0,6,2,0,1,-0.3296180874040059,-0.4440590780579271,1,0.8048930880746606,0,-0.343776051353168,0,1.4157321324666972,-0.7113182731754548,0.4702153023123738,100025
1,1,2,2,0,0,-0.3296180874040059,-0.4440590780579271,1,-0.92337142928767,0,-0.452418848992442,2,-1.0385002330219146,-0.1852887899576927,-0.9665794073258996,100021
4,1,0,1,8,0,1.8759390456584504,-0.4440590780579271,0,0.4255179501170759,0,0.362402133302113,2,0.234550780092499,0.4459465899036217,-0.0683386266333122,100034
2,0,3,0,0,0,-0.3296180874040059,1.1924211442504082,0,0.5379253984008047,0,-0.289454652533531,2,0.3264204408327144,0.4459465899036217,0.1050608979873437,100071
6,0,8,2,4,0,-0.3296180874040059,-1.2622991892120947,0,0.439568881152542,0,0.5796877285806611,2,0.4314143388215321,-0.7113182731754548,-0.3842850577551832,100042
6,0,7,0,4,1,-0.3296180874040059,-1.2622991892120947,0,0.2428558466560165,0,1.2858659132359422,0,1.2582412854834708,-0.7113182731754548,-0.547140016689448,100033
4,0,1,0,5,0,-0.3296180874040059,-0.4440590780579271,0,0.3833651570106776,0,0.362402133302113,0,0.1426811193522836,-0.2904946866012451,1.1294459274467596,100073
0,1,3,2,3,1,-0.3296180874040059,-0.4440590780579271,0,-1.42920494656445,0,-0.5610616466317161,2,-1.4978485367229917,-0.1852887899576927,-0.1523046126545758,100083
3,1,4,0,3,0,-0.3296180874040059,-0.4440590780579271,0,-0.8109639810039412,0,0.199437936843202,2,-0.933506335033097,-0.1852887899576927,-0.8400446190892047,100036
1,1,4,1,8,1,-0.3296180874040059,1.1924211442504082,0,0.6222309846136014,0,-0.0721690572549829,2,0.4314143388215321,0.2355347966165168,-0.6709410286370785,100037
6,0,9,0,6,0,-0.3296180874040059,-1.2622991892120947,0,-0.2770286016562293,0,1.2858659132359422,0,1.2582412854834708,-0.7113182731754548,-0.6869531469015986,100096
6,0,5,0,8,1,-0.3296180874040059,-1.2622991892120947,0,0.6081800535781352,0,-0.452418848992442,2,0.4314143388215321,-0.7113182731754548,-0.7025747256962522,100061
5,1,1,2,7,0,1.8759390456584504,-0.4440590780579271,0,-0.0732691254499406,0,-0.0503069316971559,2,-0.0641148494219308,-0.0072961430515154,-0.0400595232384185,100007
1,0,10,2,5,1,-0.3296180874040059,1.1924211442504082,0,0.3552632949397453,0,0.525366329761024,2,-0.027933964879545,0.2355347966165168,-0.735380041165025,100050
1,0,7,1,7,1,-0.3296180874040059,1.1924211442504082,0,-0.2770286016562293,0,0.41672353212175,2,-0.4872822685806221,0.2355347966165168,-0.7248354754786337,100067
3,1,5,2,0,0,-0.3296180874040059,-0.4440590780579271,0,-0.937422360323136,0,-0.343776051353168,2,-1.0516244702705169,-0.1852887899576927,-0.1280911655228626,100003
5,1,7,2,8,0,-0.3296180874040059,-0.4440590780579271,0,-1.5416123948481786,0,1.2858659132359422,0,1.2319928109862663,-0.7113182731754548,4.845038443755141,100075
5,1,9,0,8,1,-0.3296180874040059,-0.4440590780579271,0,-1.190339118961526,0,1.231544514416305,0,1.4157321324666972,-0.7113182731754548,0.4776355522398343,100064
1,0,9,1,0,0,-0.3296180874040059,-0.4440590780579271,0,0.3833651570106776,0,-3.0598459923350183,2,0.2476750173411012,1.1297849180867126,-0.9033120132075522,100086
5,0,0,0,8,0,-0.3296180874040059,-0.4440590780579271,0,0.1444993294077538,0,0.8512947226788461,2,-0.027933964879545,0.6037554348689503,0.9857274025359456,100014
1,0,3,0,2,0,-0.3296180874040059,-0.4440590780579271,1,0.1866521225141521,0,0.199437936843202,0,-0.027933964879545,-0.6587153248536786,-0.9286970787488644,100040
5,1,10,2,5,0,-0.3296180874040059,-0.4440590780579271,0,0.2007030535496182,0,-0.0178476584353459,2,0.0376872213634659,0.6037554348689503,-0.3467932686480143,100033
5,1,12,2,0,1,-0.3296180874040059,-0.4440590780579271,0,-1.4432558775999158,0,-0.0178476584353459,2,-1.4978485367229917,-0.0537814191532522,-0.3608526895632026,100027
5,1,1,0,1,1,-0.3296180874040059,0.3741810330962405,0,0.7486893639327963,0,0.9056161214984833,2,0.5232839995617474,0.6037554348689503,1.0552434281721548,100063
3,1,9,1,2,0,6.287053311783362,-0.4440590780579271,0,-0.92337142928767,0,0.6883305262199351,0,-1.077872944767721,-0.5535094282101262,-0.561980516544369,100089
5,1,4,0,4,0,-0.3296180874040059,-0.4440590780579271,0,1.114013570854915,0,-0.778347241910264,0,1.3501109462236862,-0.7113182731754548,-0.3917053076826437,100054
2,1,3,1,3,2,-0.3296180874040059,-1.2622991892120947,0,-1.2465428431033905,0,0.7426519250395721,2,-1.327233452491163,-0.2378917382794689,-0.8658202241003833,100010
5,1,10,0,3,0,1.8759390456584504,-0.4440590780579271,0,-1.1200844637841956,0,0.7426519250395721,0,1.1663716247432554,-0.7113182731754548,0.1663755947563595,100044
1,0,8,2,8,0,-0.3296180874040059,-0.4440590780579271,0,1.268573812245042,0,1.2858659132359422,0,0.9826323032628246,-0.6587153248536786,-0.9341646313269932,100055
5,1,8,2,9,0,-0.3296180874040059,-0.4440590780579271,0,0.5379253984008047,0,-0.5610616466317161,0,1.3501109462236862,-0.7113182731754548,-0.0663859292839805,100047
5,1,0,0,7,1,-0.3296180874040059,1.1924211442504082,0,0.1444993294077538,0,0.5796877285806611,2,-0.027933964879545,0.6037554348689503,0.8732520352144392,100027
1,0,0,0,9,0,-0.3296180874040059,-0.4440590780579271,0,-0.4315888430463564,0,-0.886990039549538,2,-0.5791519293208376,0.2355347966165168,-0.8056771457409666,100074
1,0,8,2,2,1,1.8759390456584504,1.1924211442504082,0,0.1444993294077538,0,-0.5610616466317161,2,-0.1198036256197604,0.2355347966165168,-0.791227185355912,100062
5,1,1,0,5,0,-0.3296180874040059,2.8289013665587435,0,0.5519763294362708,0,0.9056161214984833,0,1.3501109462236862,-0.7113182731754548,-0.4737185963545756,100072
5,0,12,2,3,1,1.8759390456584504,1.1924211442504082,1,-0.1646211533725004,0,0.362402133302113,2,-0.5135307430778265,0.6037554348689503,0.4030425134953629,100058
3,1,2,1,3,1,1.8759390456584504,1.1924211442504082,0,-0.0381627740533055,0,0.090795139203928,0,-0.2510459981057825,-0.50090647988835,1.1505350588195422,100044
3,1,9,1,6,0,-0.3296180874040059,0.3741810330962405,0,0.3693142259752114,0,0.6883305262199351,2,0.168929593849488,0.6037554348689503,-0.5936142136035427,100061
2,1,5,2,1,0,-0.3296180874040059,-0.4440590780579271,1,-0.3472832568335598,0,-0.5610616466317161,2,-0.4872822685806221,0.6037554348689503,-0.0808358896690352,100032
3,0,0,2,8,0,8.492610444845818,-0.4440590780579271,0,0.453619812188008,0,0.6883305262199351,0,0.2083023055952946,-0.50090647988835,-0.824423040294551,100000
5,0,8,1,7,0,-0.3296180874040059,-0.4440590780579271,0,-0.3613341878690259,0,-0.5610616466317161,2,-0.5791519293208376,0.6037554348689503,1.1231972959288985,100018
2,1,5,2,0,0,-0.3296180874040059,-0.4440590780579271,0,-0.248926739585297,0,-0.5610616466317161,2,-0.4085368450890089,0.4459465899036217,-0.1648018756902988,100014
6,0,4,2,1,0,-0.3296180874040059,-1.2622991892120947,0,-0.0732691254499406,0,-0.0503069316971559,2,-0.0641148494219308,-0.0072961430515154,-0.9638456310368352,100009
1,0,7,0,4,1,1.8759390456584504,-0.4440590780579271,0,-0.1365192913015682,0,-0.452418848992442,2,-0.3035429471001913,0.3407406932600693,1.043136704606298,100012
2,1,10,1,0,0,-0.3296180874040059,1.1924211442504082,0,0.2709577087269487,0,0.4710449309413871,0,0.0508114586120681,-0.2904946866012451,-0.4561443202105902,100078
2,1,3,1,3,0,-0.3296180874040059,1.1924211442504082,0,1.7182036053799574,0,0.6883305262199351,0,1.4157321324666972,-0.7113182731754548,0.6932133396060554,100022
5,1,7,0,7,0,-0.3296180874040059,0.3741810330962405,1,1.4512359157061014,0,1.0142589191377571,0,1.4157321324666972,-0.7113182731754548,1.5195948578432357,100061
2,1,9,0,1,0,-0.3296180874040059,1.1924211442504082,0,-1.3870521534580516,0,1.2858659132359422,0,-1.510972773971594,-0.6061123765319024,-0.4116228206458271,100074
3,0,4,0,3,0,-0.3296180874040059,-0.4440590780579271,0,-0.1505702223370343,0,-0.1264904560746199,2,-0.2904187098515891,0.6037554348689503,-0.0035090746354994,100059
1,0,9,2,3,1,-0.3296180874040059,-0.4440590780579271,0,-1.4713577396708482,0,0.090795139203928,2,-1.4978485367229917,-0.4483035315665737,-0.8443405532577345,100095
5,1,3,2,4,0,-0.3296180874040059,-0.4440590780579271,0,-0.9514732913586024,0,0.199437936843202,2,-1.13036989376213,-0.0537814191532522,0.1027176611681457,100024
4,1,6,4,5,0,-0.3296180874040059,-1.2622991892120947,0,-0.7126074637556785,0,0.6883305262199351,0,-0.867885148790086,-0.3430976349230213,-0.4010782549594359,100037
5,1,10,0,6,0,-0.3296180874040059,-0.4440590780579271,0,-0.3332323257980937,0,-1.430204027745908,2,-0.4872822685806221,0.6037554348689503,0.9345667319834547,100099
3,1,9,0,3,0,-0.3296180874040059,-0.4440590780579271,0,-1.330848429316187,0,-0.0721690572549829,2,-1.4191031132313785,-0.1852887899576927,-0.7982568958135061,100098
6,0,9,2,3,0,-0.3296180874040059,-1.2622991892120947,0,-0.1646211533725004,0,0.6340091274002981,2,-0.3035429471001913,0.3407406932600693,0.1652039763467604,100026
1,0,7,2,1,0,-0.3296180874040059,1.1924211442504082,0,0.1444993294077538,0,0.4710449309413871,2,-0.1198036256197604,0.2355347966165168,-0.7966947379340408,100056
2,1,0,0,4,0,-0.3296180874040059,-1.2622991892120947,0,0.5379253984008047,0,-3.3857743852528404,2,0.3264204408327144,0.3407406932600693,-0.7455340673815499,100099
6,0,8,0,3,0,-0.3296180874040059,-1.2622991892120947,0,1.4090831225997031,0,1.2858659132359422,0,1.1663716247432554,-0.7113182731754548,-0.8423878559084028,100070
2,1,9,0,1,0,-0.3296180874040059,-0.4440590780579271,0,-0.7407093258266106,0,1.068580317957394,2,-0.8547609115414838,0.761564279834279,-0.4272443994404808,100079
5,1,4,0,3,0,1.8759390456584504,-0.4440590780579271,0,0.439568881152542,0,1.1229017167770312,0,1.3501109462236862,-0.7113182731754548,1.1790444401197853,100070
5,1,5,2,4,1,-0.3296180874040059,-0.4440590780579271,0,1.114013570854915,0,0.036473740384291,2,0.8645141680254047,0.6037554348689503,0.0484326748567241,100008
3,1,12,0,0,0,1.8759390456584504,2.8289013665587435,0,0.5238744673653386,0,-0.452418848992442,2,0.234550780092499,0.0777259516511882,-0.5705723848814285,100022
3,1,7,0,5,0,-0.3296180874040059,0.3741810330962405,1,-0.7126074637556785,0,-0.0721690572549829,2,-0.933506335033097,-0.1852887899576927,-0.6135317265667262,100077
4,1,9,2,3,0,-0.3296180874040059,-1.2622991892120947,0,-1.2324919120679243,0,0.9599375203181202,2,-1.3141092152425609,0.1303288999729644,-0.3905336892730447,100008
5,1,1,0,4,0,-0.3296180874040059,2.010661255404576,0,-0.4315888430463564,0,0.7426519250395721,2,-0.5791519293208376,0.6037554348689503,0.8193575883728839,100016
5,1,11,0,8,1,1.8759390456584504,-0.4440590780579271,0,1.507439639847966,0,-0.506740247812079,0,1.2319928109862663,-0.7113182731754548,0.2198795021280484,100027
1,0,9,2,5,0,-0.3296180874040059,-0.4440590780579271,0,0.6784347087554657,0,0.199437936843202,0,0.4314143388215321,-0.6587153248536786,-0.6408694894573701,100076
6,1,3,2,6,1,-0.3296180874040059,-1.2622991892120947,0,-0.8250149120394074,0,-0.6697044442709901,2,-0.9466305722816992,-0.7113182731754548,-0.7513921594295451,100077
4,1,7,2,5,1,-0.3296180874040059,-0.4440590780579271,0,-1.4011030844935175,0,-2.516632004138648,0,-1.510972773971594,-0.6061123765319024,-0.7088233572141137,100099
4,1,9,2,3,1,-0.3296180874040059,2.8289013665587435,0,-1.3870521534580516,0,0.090795139203928,0,-1.510972773971594,-0.6061123765319024,0.7974873780603687,100078
3,1,10,0,7,0,-0.3296180874040059,-0.4440590780579271,0,-1.330848429316187,0,-0.343776051353168,2,-1.4191031132313785,-0.1852887899576927,-0.7795110012599217,100098
1,0,5,1,0,0,-0.3296180874040059,1.1924211442504082,1,-0.0522137050887716,0,0.3080807344824761,2,-0.2116732863599758,0.2355347966165168,-0.706870659864782,100081
4,0,1,0,9,0,-0.3296180874040059,-0.4440590780579271,0,0.1585502604432199,0,0.4710449309413871,2,-0.027933964879545,0.761564279834279,-0.5084766091726801,100066
3,0,12,2,5,0,-0.3296180874040059,0.3741810330962405,0,-1.611867050025509,0,0.362402133302113,2,-1.4191031132313785,-0.1852887899576927,0.2370632388021674,100059
1,0,8,0,6,0,-0.3296180874040059,-0.4440590780579271,0,0.6362819156490674,0,0.4710449309413871,2,0.4314143388215321,0.2355347966165168,0.1550499501302355,100006
5,1,9,2,0,1,1.8759390456584504,-0.4440590780579271,0,0.8048930880746606,0,-0.343776051353168,0,1.4157321324666972,-0.7113182731754548,-0.0081955482738955,100044
3,1,1,2,5,0,-0.3296180874040059,1.1924211442504082,0,0.3693142259752114,0,-1.1585970336477232,2,0.168929593849488,0.6037554348689503,-0.8283284349932145,100099
6,0,11,2,8,0,-0.3296180874040059,-1.2622991892120947,0,-0.4596907051172886,0,0.199437936843202,2,-0.9466305722816992,-0.7113182731754548,-0.651023515673895,100064
3,1,11,0,0,0,-0.3296180874040059,1.1924211442504082,0,-0.937422360323136,0,0.145116538023565,2,-1.0516244702705169,-0.0537814191532522,-0.7385043569239558,100033
2,1,0,1,6,1,-0.3296180874040059,-1.2622991892120947,0,1.254522881209576,0,1.2858659132359422,0,0.9695080660142223,-0.2904946866012451,-0.6939828573591927,100058
1,0,0,2,4,0,1.8759390456584504,-0.4440590780579271,0,0.1866521225141521,0,-0.886990039549538,0,-0.027933964879545,-0.6587153248536786,-0.1851099281233486,100015
3,1,4,2,2,1,-0.3296180874040059,1.1924211442504082,0,0.4817216742589403,0,-0.506740247812079,2,0.3264204408327144,0.3407406932600693,-0.2975852954448552,100073
2,1,5,0,5,0,-0.3296180874040059,-0.4440590780579271,0,1.254522881209576,0,-1.049954236008449,0,0.9695080660142223,-0.2904946866012451,-0.506133372353482,100066
5,1,0,0,1,0,-0.3296180874040059,1.1924211442504082,0,0.4114670190816097,0,-0.778347241910264,0,1.4157321324666972,-0.7113182731754548,-0.1152033630172733,100091
2,1,5,1,9,0,-0.3296180874040059,-1.2622991892120947,0,0.3833651570106776,0,-0.289454652533531,0,0.1426811193522836,-0.2904946866012451,0.2007430681045976,100043
5,1,4,0,3,1,-0.3296180874040059,-0.4440590780579271,0,-0.4315888430463564,0,0.036473740384291,2,-0.5791519293208376,0.6037554348689503,0.5006773809619486,100081
5,1,8,1,9,1,-0.3296180874040059,2.010661255404576,0,1.268573812245042,0,-1.049954236008449,0,1.3501109462236862,-0.7113182731754548,-0.4975415040164225,100039
1,1,6,2,7,1,-0.3296180874040059,-0.4440590780579271,0,1.0437589156775844,0,0.253759335662839,2,0.7988929817823938,0.2355347966165168,-0.9279159998091318,100026
5,1,6,2,7,0,4.081496178720906,1.1924211442504082,1,-1.6961726362383056,1,0.253759335662839,0,1.2319928109862663,-0.7113182731754548,1.106794638194512,100024
5,1,6,1,6,0,-0.3296180874040059,0.3741810330962405,0,-1.0217279465359328,0,0.7426519250395721,2,-1.13036989376213,-0.0537814191532522,0.0496042932663231,100087
5,1,12,0,4,2,-0.3296180874040059,1.1924211442504082,0,-0.248926739585297,0,0.362402133302113,0,1.3501109462236862,-0.7113182731754548,0.5834717485736132,100069
3,1,8,2,9,0,-0.3296180874040059,0.3741810330962405,0,0.046142812159491,0,0.3080807344824761,2,-0.1329278628683626,0.3407406932600693,0.0496042932663231,100065
3,1,8,2,6,0,-0.3296180874040059,1.1924211442504082,0,0.4255179501170759,0,-0.289454652533531,2,0.234550780092499,0.0777259516511882,-0.4065458075375647,100047
4,0,0,0,1,0,-0.3296180874040059,-0.4440590780579271,0,1.7463054674508895,0,-0.343776051353168,1,-0.0641148494219308,4.548976559002166,-0.3397635581904202,100010
1,0,0,2,7,0,-0.3296180874040059,-0.4440590780579271,0,-0.8390658430748734,0,1.2858659132359422,0,-1.0385002330219146,-0.6587153248536786,0.0968595691201505,100012
1,0,10,1,6,1,-0.3296180874040059,-0.4440590780579271,0,-0.9514732913586024,0,-0.452418848992442,2,-1.0385002330219146,-0.1852887899576927,-0.7404570542732875,100065
5,1,6,1,3,0,-0.3296180874040059,0.3741810330962405,0,0.4255179501170759,0,0.8512947226788461,2,0.234550780092499,0.4459465899036217,1.4395342665206357,100065
1,0,11,0,4,0,-0.3296180874040059,-0.4440590780579271,0,0.6362819156490674,0,0.5796877285806611,2,0.3395446780813166,0.2355347966165168,-0.4807483068121698,100090
1,0,4,0,2,0,-0.3296180874040059,1.1924211442504082,0,1.1421154329258472,0,-1.430204027745908,2,0.8907626425226092,1.1297849180867126,-0.9220579077611366,100049
5,1,5,0,5,0,-0.3296180874040059,-0.4440590780579271,0,0.6362819156490674,0,0.362402133302113,2,0.4314143388215321,0.6037554348689503,0.3292305536906242,100061
2,1,6,2,7,0,-0.3296180874040059,-0.4440590780579271,0,0.2709577087269487,0,0.7426519250395721,0,0.0508114586120681,-0.2904946866012451,0.8744236536240382,100025
1,0,11,2,8,0,-0.3296180874040059,1.1924211442504082,0,-1.0217279465359328,0,-0.0721690572549829,2,-1.13036989376213,0.2355347966165168,-0.8708972372086458,100067
3,1,3,0,4,0,-0.3296180874040059,0.3741810330962405,0,-0.4596907051172886,0,-0.289454652533531,2,-0.5922761665694397,0.2092333224556287,-0.1694883493286949,100047
1,0,8,2,8,0,-0.3296180874040059,1.1924211442504082,0,-0.0100609119823733,0,-0.886990039549538,0,-0.2116732863599758,-0.6587153248536786,-0.8115352377889617,100003
5,0,5,0,2,0,-0.3296180874040059,0.3741810330962405,0,-0.5018434982236869,0,1.231544514416305,0,1.2319928109862663,-0.7113182731754548,0.2897860672341237,100056
2,1,12,0,2,0,-0.3296180874040059,-0.4440590780579271,1,-1.4011030844935175,0,-0.343776051353168,0,-1.510972773971594,-0.6061123765319024,-0.648680278854697,100049
5,1,7,1,1,1,-0.3296180874040059,-0.4440590780579271,0,0.8189440191101268,0,-0.235133253713894,0,1.1663716247432554,-0.7113182731754548,0.7896765886630419,100038
3,0,6,2,0,0,-0.3296180874040059,-0.4440590780579271,0,-0.782862118933009,0,-0.180811854894257,2,-0.933506335033097,-0.1852887899576927,-0.7767772249708573,100036
4,1,3,0,9,0,-0.3296180874040059,-0.4440590780579271,0,-1.4011030844935175,0,-0.343776051353168,0,-1.510972773971594,-0.6061123765319024,0.2230038178869791,100060
5,0,12,0,1,0,-0.3296180874040059,-0.4440590780579271,0,-0.9514732913586024,0,0.3080807344824761,2,-1.064748707519119,-0.0537814191532522,0.3823439215924468,100088
4,1,4,0,4,0,-0.3296180874040059,2.010661255404576,0,-1.2043900499969922,0,-0.1264904560746199,2,-1.3141092152425609,0.1303288999729644,-0.7670137382241987,100088
5,1,12,2,2,0,-0.3296180874040059,0.3741810330962405,0,-0.7688111878975429,0,1.2858659132359422,0,1.3501109462236862,-0.7113182731754548,1.153268835108607,100068
5,0,0,1,8,0,-0.3296180874040059,-0.4440590780579271,0,1.6479489502026268,0,0.6340091274002981,0,1.4157321324666972,-0.7113182731754548,0.4901328152755573,100007
4,1,10,2,3,0,-0.3296180874040059,-0.4440590780579271,0,0.5519763294362708,0,-1.21291843246736,2,0.3395446780813166,0.761564279834279,-0.0054617719848311,100087
5,1,2,1,9,0,-0.3296180874040059,-0.4440590780579271,0,-1.035778877571399,0,-0.343776051353168,2,-1.13036989376213,-0.0537814191532522,0.4221789475188137,100079
1,0,1,0,8,1,-0.3296180874040059,1.1924211442504082,0,0.1866521225141521,0,1.2858659132359422,0,-0.027933964879545,-0.6587153248536786,-0.7826353170188524,100066
5,1,8,0,9,0,-0.3296180874040059,1.1924211442504082,0,-1.7945291534865684,0,1.068580317957394,0,1.1663716247432554,-0.7113182731754548,-0.1940923359302745,100089
1,1,2,2,0,0,1.8759390456584504,2.8289013665587435,1,1.1842682260322457,0,0.5796877285806611,2,0.2476750173411012,0.2355347966165168,-0.5182400959193386,100053
6,0,7,0,6,0,-0.3296180874040059,4.465381588867079,1,0.8189440191101268,0,0.199437936843202,0,1.1663716247432554,-0.7113182731754548,-0.4163092942842233,100036
1,1,2,2,4,0,-0.3296180874040059,-0.4440590780579271,0,-1.4432558775999158,0,0.4710449309413871,2,-1.4978485367229917,-0.4483035315665737,-0.6018155424707359,100033
5,0,9,2,2,0,-0.3296180874040059,-0.4440590780579271,0,-1.1341353948196615,0,-0.289454652533531,0,1.1663716247432554,-0.7113182731754548,1.013455704896456,100066
6,0,8,2,9,1,-0.3296180874040059,-1.2622991892120947,0,1.268573812245042,0,0.199437936843202,0,1.1663716247432554,-0.7113182731754548,-0.4346646493679413,100020
1,0,11,2,7,0,-0.3296180874040059,-0.4440590780579271,0,-1.0217279465359328,0,-0.724025843090627,2,-1.13036989376213,0.2355347966165168,-0.7072611993346484,100019
6,0,8,2,7,0,-0.3296180874040059,-1.2622991892120947,1,0.1163974673368216,0,1.2858659132359422,0,1.2582412854834708,-0.7113182731754548,-0.1300438628721943,100070
2,1,8,1,8,0,-0.3296180874040059,1.1924211442504082,0,-0.1365192913015682,0,0.8512947226788461,2,-0.2904187098515891,0.6037554348689503,1.6640944616937825,100017
1,1,7,0,7,1,1.8759390456584504,2.8289013665587435,0,-0.3472832568335598,0,0.199437936843202,0,-0.5791519293208376,-0.6587153248536786,0.4799787890590324,100060
1,1,3,0,3,0,-0.3296180874040059,1.1924211442504082,0,0.046142812159491,0,0.6883305262199351,2,-0.1198036256197604,0.2355347966165168,-0.9228389867008692,100011
5,1,9,2,8,0,-0.3296180874040059,-0.4440590780579271,1,1.3669303294933048,0,-0.452418848992442,0,1.1663716247432554,-0.7113182731754548,0.0043017147618274,100080
5,1,8,2,5,1,-0.3296180874040059,1.1924211442504082,0,0.6643837777199997,0,-1.3215612301066342,0,1.3501109462236862,-0.7113182731754548,0.6311175638973069,100077
2,1,7,2,9,0,-0.3296180874040059,-0.4440590780579271,0,-1.3870521534580516,0,-1.104275634828086,0,-1.510972773971594,-0.6061123765319024,-0.5932236741336764,100077
1,0,8,4,9,1,-0.3296180874040059,-0.4440590780579271,0,-0.8390658430748734,0,1.2858659132359422,0,-1.0385002330219146,-0.6587153248536786,-0.7064801203949157,100001
5,0,6,0,4,0,-0.3296180874040059,1.1924211442504082,0,-1.344899360351653,0,0.6340091274002981,2,-1.4322273504799807,-0.0537814191532522,-0.0499832715495941,100082
5,1,5,3,3,0,-0.3296180874040059,-0.4440590780579271,0,-0.248926739585297,0,0.6340091274002981,0,1.2319928109862663,-0.7113182731754548,1.1005460066766504,100067
5,0,11,3,1,0,1.8759390456584504,1.1924211442504082,0,-0.1224683602661021,0,-1.104275634828086,0,1.1663716247432554,-0.7113182731754548,-0.1417600469681846,100095
1,0,12,2,0,0,-0.3296180874040059,-0.4440590780579271,0,-0.5018434982236869,0,-0.886990039549538,0,-0.671021590061053,-0.6587153248536786,0.1230257136011955,100092
1,0,9,1,2,0,1.8759390456584504,1.601541199827492,0,-0.3472832568335598,0,1.2858659132359422,0,-0.5791519293208376,-0.6587153248536786,-0.7478773042007479,100042
6,0,7,2,6,0,-0.3296180874040059,-1.2622991892120947,1,0.7486893639327963,0,-0.886990039549538,2,0.5232839995617474,-0.7113182731754548,-0.8642580662209179,100004
5,0,7,1,8,1,-0.3296180874040059,0.3741810330962405,0,1.0437589156775844,0,0.5796877285806611,0,1.3501109462236862,-0.7113182731754548,0.4690436839027748,100083
5,1,0,2,4,1,-0.3296180874040059,1.1924211442504082,0,-1.4151540155289837,0,-0.1264904560746199,2,-1.4978485367229917,-0.0537814191532522,0.2292524494048406,100013
1,0,11,0,4,1,-0.3296180874040059,1.1924211442504082,0,-1.4994596017417805,0,1.2858659132359422,2,-1.4978485367229917,-0.7113182731754548,-0.3280473740944299,100034
5,1,2,2,3,0,-0.3296180874040059,-0.4440590780579271,0,-1.42920494656445,0,0.3080807344824761,2,-1.4978485367229917,-0.0537814191532522,-0.5225360300878684,100073
6,0,3,0,3,0,-0.3296180874040059,-1.2622991892120947,1,1.3247775363869063,0,-3.0598459923350183,0,1.1663716247432554,-0.7113182731754548,-0.8416067769686701,100034
1,0,4,0,0,0,-0.3296180874040059,-0.4440590780579271,0,1.24047195017411,0,-0.995632837188812,2,0.9826323032628246,0.2355347966165168,-0.8755837108470419,100090
5,1,3,0,1,0,-0.3296180874040059,1.1924211442504082,0,1.4652868467415676,0,-1.864775218303004,0,1.1663716247432554,-0.7113182731754548,-0.218696322531854,100065
3,1,3,2,4,1,-0.3296180874040059,0.3741810330962405,0,-0.9514732913586024,0,-0.724025843090627,2,-1.0516244702705169,-0.1852887899576927,-0.3093014795408454,100054
0,1,12,1,7,0,-0.3296180874040059,-0.4440590780579271,0,-1.42920494656445,0,0.362402133302113,2,-1.4978485367229917,-0.1852887899576927,0.4073384476638927,100018
2,0,3,2,2,0,-0.3296180874040059,0.3741810330962405,0,1.254522881209576,0,0.090795139203928,0,0.9695080660142223,-0.2904946866012451,2.6978524384299907,100035
5,1,11,1,8,1,-0.3296180874040059,-0.4440590780579271,0,0.6222309846136014,0,0.6883305262199351,2,0.4314143388215321,0.6037554348689503,1.485617923964864,100033
3,0,6,1,7,0,1.8759390456584504,-0.4440590780579271,0,-0.1505702223370343,0,1.1229017167770312,2,-0.2904187098515891,0.6037554348689503,-0.8154406324876252,100029
3,1,11,2,4,0,-0.3296180874040059,-0.4440590780579271,0,-1.457306808635382,0,0.199437936843202,2,-1.4191031132313785,-0.1852887899576927,-0.4350551888378077,100040
1,0,12,0,1,0,1.8759390456584504,-0.4440590780579271,0,0.1866521225141521,0,1.2858659132359422,0,-0.027933964879545,-0.6587153248536786,-0.8439500137878682,100069
1,0,10,1,4,1,-0.3296180874040059,-0.4440590780579271,0,-0.248926739585297,0,1.2858659132359422,0,-0.4872822685806221,-0.6587153248536786,0.1187297794326657,100021
3,1,5,1,8,0,-0.3296180874040059,-0.4440590780579271,0,-0.6985565327202123,0,0.7969733238592092,2,-0.7760154880498706,0.2092333224556287,-0.4534105439215258,100034
5,0,0,0,2,0,-0.3296180874040059,0.3741810330962405,0,1.4090831225997031,0,0.7969733238592092,0,1.3501109462236862,-0.7113182731754548,1.3575209778487036,100057
2,1,9,0,4,0,-0.3296180874040059,0.3741810330962405,0,1.395032191564237,0,1.2858659132359422,0,1.0613777267544378,-0.2904946866012451,-0.1675356519793632,100087
5,1,8,0,4,0,-0.3296180874040059,1.1924211442504082,1,0.1866521225141521,0,0.036473740384291,0,1.4157321324666972,-0.7113182731754548,-0.0027279956957667,100060
5,1,3,1,5,1,-0.3296180874040059,-0.4440590780579271,0,1.4090831225997031,0,-2.2993464088601003,0,1.3501109462236862,-0.7113182731754548,0.5987027878984005,100084
6,0,1,2,4,1,-0.3296180874040059,-1.2622991892120947,0,-0.6142509465074157,0,1.2858659132359422,0,1.1663716247432554,-0.7113182731754548,-0.7568597120076738,100022
3,1,11,2,7,1,-0.3296180874040059,0.3741810330962405,0,1.6479489502026268,0,1.068580317957394,1,1.6782168774387414,4.548976559002166,0.2230038178869791,100081
3,0,11,0,0,0,-0.3296180874040059,-0.4440590780579271,0,0.453619812188008,0,0.5796877285806611,0,0.2083023055952946,-0.50090647988835,-0.7857596327777832,100013
1,0,10,2,6,1,-0.3296180874040059,-0.4440590780579271,0,0.5098235363298725,0,-0.0721690572549829,2,0.2476750173411012,1.1297849180867126,-0.3491365054672124,100086
4,1,11,1,6,1,-0.3296180874040059,-1.2622991892120947,0,-0.7547602568620768,0,0.199437936843202,2,-0.8547609115414838,0.761564279834279,0.5108314071784734,100062
6,0,5,0,0,1,-0.3296180874040059,-1.2622991892120947,0,-0.8250149120394074,0,-0.615383045451353,2,-0.9466305722816992,-0.7113182731754548,-0.8716783161483784,100065
6,0,12,0,3,1,-0.3296180874040059,-1.2622991892120947,0,1.2264210191386438,0,1.2858659132359422,0,1.1663716247432554,-0.7113182731754548,-0.8775364081963736,100026
1,0,9,3,3,0,-0.3296180874040059,0.3741810330962405,0,0.6784347087554657,0,0.199437936843202,0,0.4314143388215321,-0.6587153248536786,3.104404026560853,100007
5,1,4,2,3,1,-0.3296180874040059,-0.4440590780579271,0,1.3247775363869063,0,0.41672353212175,0,1.2319928109862663,-0.7113182731754548,1.478978752977136,100025
5,1,7,1,2,0,-0.3296180874040059,-0.4440590780579271,0,-0.2067739464788987,0,-0.0721690572549829,2,-0.4872822685806221,0.6037554348689503,0.8806722851418997,100082
5,1,10,0,8,0,1.8759390456584504,1.1924211442504082,0,1.268573812245042,0,0.253759335662839,0,1.1663716247432554,-0.7113182731754548,0.4424869999518635,100032
2,0,10,1,3,0,-0.3296180874040059,0.3741810330962405,0,-1.2605937741388564,0,1.177223115596668,2,-1.327233452491163,-0.2378917382794689,1.9780881954663216,100067
5,1,5,0,0,0,-0.3296180874040059,1.1924211442504082,0,0.1444993294077538,0,-0.343776051353168,0,1.3501109462236862,-0.7113182731754548,1.773054973786492,100087
3,1,8,0,8,0,-0.3296180874040059,-0.4440590780579271,0,-0.0381627740533055,0,-0.724025843090627,0,-0.2510459981057825,-0.50090647988835,-0.4827010041615014,100004
5,0,6,1,5,0,-0.3296180874040059,0.3741810330962405,0,-1.035778877571399,0,-0.0178476584353459,2,-1.13036989376213,-0.0537814191532522,-0.2284598092785126,100068
5,1,1,1,6,0,1.8759390456584504,1.1924211442504082,0,0.847045881181059,0,0.6883305262199351,0,1.2319928109862663,-0.7113182731754548,-0.5369859904729231,100050
1,0,3,2,2,1,-0.3296180874040059,-0.4440590780579271,0,-1.5416123948481786,0,-0.6697044442709901,2,-1.589718197463207,-0.4483035315665737,0.2007430681045976,100002
2,1,7,0,4,0,-0.3296180874040059,1.1924211442504082,0,0.1444993294077538,0,0.145116538023565,2,-0.027933964879545,0.6037554348689503,0.2081633180320581,100087
6,0,8,2,8,1,-0.3296180874040059,-1.2622991892120947,0,-0.8390658430748734,0,-0.0721690572549829,2,-0.9466305722816992,-0.7113182731754548,-0.433102491488476,100056
2,1,9,0,9,0,-0.3296180874040059,-1.2622991892120947,0,0.4255179501170759,0,0.6340091274002981,2,0.2476750173411012,0.761564279834279,0.3624264086292633,100095
3,0,10,2,4,1,-0.3296180874040059,-0.4440590780579271,0,-1.162237256890594,0,0.7426519250395721,2,-1.2091153172537432,-0.1852887899576927,-0.3546040580453412,100017
6,0,11,2,2,1,-0.3296180874040059,-1.2622991892120947,0,1.507439639847966,0,0.199437936843202,0,1.2582412854834708,-0.7113182731754548,-0.617827660735256,100032
4,1,6,0,6,0,-0.3296180874040059,-0.4440590780579271,0,0.4957726052944064,0,0.9056161214984833,2,0.234550780092499,0.4459465899036217,1.720332145354536,100082
5,0,12,0,5,0,-0.3296180874040059,0.3741810330962405,0,0.1023465363013555,0,-0.0178476584353459,2,-0.027933964879545,0.6037554348689503,0.0663974904705758,100013
3,0,9,2,4,0,-0.3296180874040059,1.1924211442504082,1,1.0297079846421184,0,-1.1585970336477232,2,0.8120172190309959,0.6037554348689503,-0.4237295442116838,100070
6,0,3,2,2,1,-0.3296180874040059,-1.2622991892120947,0,0.8610968122165251,0,1.2858659132359422,0,1.2582412854834708,-0.7113182731754548,-0.0999723236924859,100095
2,1,3,0,4,0,-0.3296180874040059,0.3741810330962405,0,1.7041526743444912,0,-0.6697044442709901,1,1.6782168774387414,4.548976559002166,-0.5826791084472851,100084
4,1,8,0,8,0,-0.3296180874040059,-0.4440590780579271,0,0.0039900190530927,0,0.199437936843202,2,-0.1198036256197604,0.761564279834279,-0.0320184559357424,100042
4,1,0,2,5,0,-0.3296180874040059,-1.2622991892120947,0,-1.2605937741388564,0,-0.289454652533531,2,-1.3141092152425609,0.1303288999729644,-0.2600935063376863,100093
4,1,12,2,2,1,1.8759390456584504,-0.4440590780579271,0,-0.0522137050887716,0,-1.4845254265655452,2,-0.2116732863599758,0.761564279834279,-0.2288503487483789,100049
5,1,11,2,4,0,-0.3296180874040059,-0.4440590780579271,0,-1.2886956362097888,0,0.7426519250395721,0,1.3501109462236862,-0.7113182731754548,2.48227465106377,100090
5,1,12,0,2,0,-0.3296180874040059,-0.4440590780579271,0,-1.3589502913871192,0,-0.0178476584353459,2,-1.4322273504799807,-0.0537814191532522,-0.3944390839717081,100047
1,0,2,2,6,1,-0.3296180874040059,-0.4440590780579271,0,1.1561663639613131,0,0.199437936843202,2,0.8907626425226092,1.1297849180867126,-0.4662983464271151,100067
3,1,7,3,2,0,-0.3296180874040059,-0.4440590780579271,0,1.395032191564237,0,0.362402133302113,0,1.0613777267544378,-0.2904946866012451,-0.2639989010363497,100097
1,0,6,0,4,0,-0.3296180874040059,-0.4440590780579271,0,-0.5299453602946191,0,-0.615383045451353,2,-0.671021590061053,0.2355347966165168,-0.7014031072866532,100061
1,0,4,0,8,0,-0.3296180874040059,-0.4440590780579271,0,1.128064501890381,0,0.199437936843202,2,0.8907626425226092,1.1297849180867126,-0.850589184775596,100014
6,0,3,2,5,1,-0.3296180874040059,-1.2622991892120947,0,0.9594533294647878,0,-0.343776051353168,2,0.5232839995617474,-0.7113182731754548,-0.0206928113096184,100000
5,1,12,3,0,0,-0.3296180874040059,-0.4440590780579271,0,1.5495924329543642,0,0.362402133302113,0,1.4157321324666972,-0.7113182731754548,0.4327235132052049,100030
2,1,11,1,6,1,-0.3296180874040059,-1.2622991892120947,0,-0.7126074637556785,0,0.090795139203928,0,-0.867885148790086,-0.3430976349230213,0.5108314071784734,100010
1,1,12,2,1,0,-0.3296180874040059,-0.4440590780579271,0,1.0156570536066525,0,-3.331452986433203,2,0.7988929817823938,0.2355347966165168,-0.6818761337933361,100073
5,1,11,2,7,0,-0.3296180874040059,-0.4440590780579271,0,0.706536570826398,0,-0.0721690572549829,2,0.497035525064543,0.6037554348689503,-0.4842631620409668,100070
1,0,6,2,0,1,-0.3296180874040059,-0.1713123743398712,0,-0.3472832568335598,0,1.2858659132359422,0,-0.5791519293208376,-0.6587153248536786,-0.8107541588492291,100039
3,0,5,0,1,0,-0.3296180874040059,-0.4440590780579271,0,-0.1505702223370343,0,0.41672353212175,2,-0.2904187098515891,0.6037554348689503,-0.1722221256177593,100087
5,1,3,2,0,0,-0.3296180874040059,1.1924211442504082,0,0.7486893639327963,0,0.8512947226788461,2,0.5232839995617474,0.6037554348689503,0.1320081214081213,100060
6,0,5,2,3,1,-0.3296180874040059,-1.2622991892120947,0,0.6503328466845335,0,0.199437936843202,2,0.4314143388215321,-0.7113182731754548,-0.4229484652719511,100027
5,1,5,0,0,0,-0.3296180874040059,-0.4440590780579271,0,0.1585502604432199,0,0.6340091274002981,0,1.1663716247432554,-0.7113182731754548,-0.044125179501599,100060
5,0,3,1,1,1,-0.3296180874040059,-0.4440590780579271,0,1.3669303294933048,0,-0.5610616466317161,0,1.1663716247432554,-0.7113182731754548,0.4877895784563592,100072
2,1,3,0,1,0,-0.3296180874040059,2.010661255404576,0,-1.3870521534580516,0,1.2858659132359422,0,-1.510972773971594,-0.6061123765319024,0.2409686335008309,100096
5,1,3,1,1,1,1.8759390456584504,-0.4440590780579271,0,-0.9514732913586024,0,-0.452418848992442,2,-1.064748707519119,-0.0537814191532522,0.9076195085626771,100067
5,1,7,0,3,1,-0.3296180874040059,1.1924211442504082,0,0.7627402949682623,0,0.090795139203928,0,1.1663716247432554,-0.7113182731754548,1.0318110599801742,100002
1,0,8,2,7,0,1.8759390456584504,2.8289013665587435,0,0.5519763294362708,0,-0.8326686407299011,2,0.3395446780813166,0.2355347966165168,-0.8744120924374429,100076
6,0,4,2,3,1,-0.3296180874040059,-1.2622991892120947,0,1.0999626398194489,0,1.2858659132359422,0,1.2582412854834708,-0.7113182731754548,-0.1812045334246852,100031
5,1,8,1,9,0,1.8759390456584504,2.8289013665587435,0,1.4512359157061014,0,0.7426519250395721,0,1.1663716247432554,-0.7113182731754548,-0.3659297026714651,100082
1,0,6,1,2,1,-0.3296180874040059,-0.4440590780579271,0,-1.457306808635382,0,1.0142589191377571,2,-1.4978485367229917,-0.4483035315665737,0.8611453116485825,100005
5,0,3,2,1,1,-0.3296180874040059,-0.4440590780579271,0,1.085911708783983,0,1.177223115596668,2,0.8645141680254047,0.6037554348689503,0.8138900357947552,100005
5,1,9,0,3,0,-0.3296180874040059,1.1924211442504082,0,-0.9514732913586024,0,0.3080807344824761,2,-1.064748707519119,-0.0537814191532522,-0.2522827169403595,100087
5,1,7,1,4,1,1.8759390456584504,1.1924211442504082,0,0.2288049156205504,0,0.145116538023565,2,0.0376872213634659,0.6037554348689503,0.9560464028261038,100019
4,0,7,1,4,0,-0.3296180874040059,2.010661255404576,0,0.5379253984008047,0,0.7969733238592092,2,0.3395446780813166,0.761564279834279,3.2453887751826027,100080
1,0,10,0,5,1,-0.3296180874040059,-0.4440590780579271,0,-0.9936260844650006,0,1.2858659132359422,0,-1.13036989376213,-0.6587153248536786,-0.895110684340359,100078
3,0,9,1,4,0,1.8759390456584504,2.8289013665587435,0,-0.92337142928767,0,-1.104275634828086,0,-1.077872944767721,-0.5535094282101262,-0.7802920801996543,100065
1,0,8,0,7,0,-0.3296180874040059,1.1924211442504082,0,0.0882956052658894,0,-1.9734180159422785,0,-0.1198036256197604,-0.6587153248536786,-0.7525637778391441,100031
1,0,9,0,0,1,-0.3296180874040059,-0.4440590780579271,0,0.9313514673938555,0,0.4710449309413871,2,0.7070233210421784,0.2355347966165168,-0.779901540729788,100038
1,0,3,0,3,0,-0.3296180874040059,-0.4440590780579271,0,-0.248926739585297,0,1.2858659132359422,0,-0.4872822685806221,-0.6587153248536786,-0.822079803475353,100095
1,0,8,0,3,1,-0.3296180874040059,-0.4440590780579271,0,-0.9936260844650006,0,1.2858659132359422,0,-1.13036989376213,-0.6587153248536786,-0.8544945794742594,100071
2,1,5,1,1,0,-0.3296180874040059,1.1924211442504082,0,-0.3613341878690259,0,0.090795139203928,2,-0.5135307430778265,0.6037554348689503,0.4249127238078781,100099
3,0,5,0,0,0,-0.3296180874040059,-0.4440590780579271,0,-0.9655242223940684,0,-0.289454652533531,2,-1.0516244702705169,-0.0537814191532522,-0.0937236921746245,100064
1,1,0,2,3,1,-0.3296180874040059,-0.4440590780579271,1,-1.4151540155289837,0,-0.778347241910264,2,-1.4978485367229917,-0.4483035315665737,-0.7256165544183665,100041
6,0,9,0,4,0,-0.3296180874040059,-1.2622991892120947,0,-0.1505702223370343,0,0.7426519250395721,2,-0.2116732863599758,-0.7113182731754548,-0.7603745672364709,100014
5,1,3,1,1,0,-0.3296180874040059,0.3741810330962405,0,1.7182036053799574,0,-1.21291843246736,0,1.4157321324666972,-0.7113182731754548,1.0208759548239166,100038
4,1,11,2,6,1,-0.3296180874040059,-0.4440590780579271,0,1.24047195017411,0,-0.778347241910264,2,0.9695080660142223,0.4459465899036217,0.9435491397903808,100055
5,1,1,2,2,0,-0.3296180874040059,1.1924211442504082,0,1.5495924329543642,0,-1.538846825385182,1,-0.0641148494219308,4.548976559002166,0.9259748636463954,100068
4,1,3,2,8,0,-0.3296180874040059,-0.4440590780579271,1,-0.0381627740533055,0,-0.8326686407299011,2,-0.2116732863599758,0.761564279834279,-0.4475524518735306,100013
2,0,8,0,2,1,-0.3296180874040059,-0.4440590780579271,0,-1.3870521534580516,0,0.090795139203928,0,-1.510972773971594,-0.6061123765319024,0.2417497124405635,100027
1,0,8,2,9,1,1.8759390456584504,2.8289013665587435,0,-0.8390658430748734,0,1.2858659132359422,0,-1.0385002330219146,-0.6587153248536786,-0.897453921159557,100028
5,1,8,2,3,1,-0.3296180874040059,-0.4440590780579271,0,1.7463054674508895,0,-1.864775218303004,1,-0.0641148494219308,4.548976559002166,2.3323074946350943,100070
6,0,6,2,8,1,-0.3296180874040059,-1.2622991892120947,0,0.7486893639327963,0,1.2858659132359422,0,1.2582412854834708,-0.7113182731754548,-0.8107541588492291,100079
6,0,6,1,7,1,-0.3296180874040059,-1.2622991892120947,0,1.128064501890381,0,1.2858659132359422,0,1.2582412854834708,-0.7113182731754548,2.3096562053828467,100093
1,0,4,2,3,1,-0.3296180874040059,-0.4440590780579271,0,-1.5135105327772465,0,-0.0721690572549829,2,-1.589718197463207,-0.4483035315665737,1.6711241721513768,100094
1,0,4,2,1,0,-0.3296180874040059,-0.4440590780579271,0,0.6222309846136014,0,0.199437936843202,0,0.3395446780813166,-0.6587153248536786,-0.8006001326327041,100026
5,1,9,0,2,0,-0.3296180874040059,2.010661255404576,0,0.313110501833347,0,0.253759335662839,0,1.3501109462236862,-0.7113182731754548,-0.4514578465721941,100060
4,1,6,1,8,0,-0.3296180874040059,-0.4440590780579271,0,0.0882956052658894,0,0.525366329761024,2,-0.027933964879545,0.761564279834279,-0.3432784134192173,100052
3,0,9,0,6,0,-0.3296180874040059,-0.4440590780579271,0,-0.0662646361242377,0,-2.2993464088601003,2,-0.224797523608578,0.0777259516511882,-0.5100387670521455,100059
0,1,7,1,8,1,-0.3296180874040059,-0.4440590780579271,0,-0.0522137050887716,0,0.3080807344824761,2,-0.2116732863599758,0.3407406932600693,-0.1187182182460704,100099
3,0,8,1,9,1,-0.3296180874040059,-0.1713123743398712,1,0.7486893639327963,0,0.362402133302113,0,0.4839112878159408,-0.5535094282101262,6.5267014009996105,100035
1,0,11,0,7,0,1.8759390456584504,1.1924211442504082,0,0.0601937431949572,0,-0.343776051353168,2,-0.1198036256197604,0.2355347966165168,-0.2147909278331906,100041
3,1,11,2,3,0,-0.3296180874040059,-0.1713123743398712,0,1.5495924329543642,0,-1.4845254265655452,1,1.4026078952180951,4.548976559002166,-0.1737842834972247,100075
3,1,8,4,9,1,-0.3296180874040059,-0.4440590780579271,0,-0.0522137050887716,0,-0.452418848992442,2,-0.224797523608578,0.3407406932600693,-0.0093671666834945,100081
5,1,8,2,5,1,-0.3296180874040059,-0.4440590780579271,0,-0.2348758085498309,0,-1.21291843246736,2,-0.5791519293208376,0.6037554348689503,0.6244783929095791,100091
5,0,1,0,9,0,-0.3296180874040059,-0.4440590780579271,0,-0.9514732913586024,0,-2.516632004138648,2,-1.064748707519119,-0.0537814191532522,-0.5143347012206753,100077
1,0,0,3,3,0,-0.3296180874040059,-0.4440590780579271,0,-0.5018434982236869,0,-0.886990039549538,0,-0.671021590061053,-0.6587153248536786,-0.9142471183638098,100040
5,0,6,0,1,0,1.8759390456584504,0.3741810330962405,0,-1.4151540155289837,0,-0.778347241910264,2,-1.4978485367229917,-0.0537814191532522,1.1189013617603685,100058
5,1,5,0,7,1,-0.3296180874040059,0.3741810330962405,0,-1.4151540155289837,0,0.6340091274002981,2,-1.4978485367229917,-0.0537814191532522,1.6719052510911094,100057
5,1,4,2,3,0,-0.3296180874040059,-0.4440590780579271,0,-1.344899360351653,0,0.362402133302113,0,1.1663716247432554,-0.7113182731754548,0.9314424162245242,100046
3,0,0,2,4,0,-0.3296180874040059,2.010661255404576,0,1.7322545364154236,0,-1.75613242066373,1,-0.0641148494219308,4.548976559002166,-0.6568816077218902,100094
2,1,8,0,8,1,-0.3296180874040059,-0.4440590780579271,0,1.535541501918898,0,0.3080807344824761,1,1.4026078952180951,4.548976559002166,0.1320081214081213,100070
6,0,10,2,4,0,-0.3296180874040059,-1.2622991892120947,0,1.2966756743159742,0,0.199437936843202,0,1.2582412854834708,-0.7113182731754548,-0.7763866855009909,100041
5,0,3,2,2,0,-0.3296180874040059,1.1924211442504082,0,-1.0217279465359328,0,-1.538846825385182,2,-1.13036989376213,-0.0537814191532522,1.050947494003625,100033
6,1,0,2,6,1,-0.3296180874040059,2.010661255404576,0,0.7346384328973301,0,0.199437936843202,0,1.2582412854834708,-0.7113182731754548,-0.5686196875320968,100009
1,0,8,0,6,0,-0.3296180874040059,-0.4440590780579271,0,1.268573812245042,0,1.2858659132359422,0,0.9826323032628246,-0.6587153248536786,0.1550499501302355,100048
2,1,1,0,6,1,-0.3296180874040059,-0.4440590780579271,0,1.2123700881031776,0,-0.1264904560746199,2,0.9695080660142223,0.4459465899036217,-0.6002533845912705,100082
1,0,5,2,2,0,-0.3296180874040059,-0.4440590780579271,0,-1.1481863258551277,0,-0.235133253713894,2,-1.2222395545023454,0.2355347966165168,-0.7279597912375645,100009
3,0,9,0,6,0,-0.3296180874040059,-0.4440590780579271,0,-1.344899360351653,0,0.7426519250395721,2,-1.4191031132313785,-0.3167961607621333,-0.5100387670521455,100042
5,1,3,0,7,1,-0.3296180874040059,1.1924211442504082,0,-1.035778877571399,0,0.6340091274002981,2,-1.13036989376213,-0.0537814191532522,0.6088568141149254,100014
3,0,12,2,5,1,-0.3296180874040059,-0.4440590780579271,0,0.3693142259752114,0,-0.180811854894257,2,0.168929593849488,0.6037554348689503,-0.6978882520578561,100056
5,0,2,0,3,0,-0.3296180874040059,-0.0349390224808432,0,-0.9514732913586024,0,1.068580317957394,2,-1.064748707519119,-0.0537814191532522,-0.3460121897082817,100010
5,0,6,2,6,1,1.8759390456584504,1.1924211442504082,0,0.1304483983722877,0,0.145116538023565,2,-0.027933964879545,0.6037554348689503,0.594797393199737,100099
5,1,8,1,9,0,-0.3296180874040059,1.1924211442504082,0,1.4652868467415676,0,-0.0721690572549829,0,1.2319928109862663,-0.7113182731754548,-0.2085422963153291,100090
1,1,4,0,3,1,-0.3296180874040059,-0.4440590780579271,0,0.1023465363013555,0,-1.21291843246736,2,-0.1198036256197604,0.2355347966165168,1.3364318464759213,100002
6,1,0,2,1,1,-0.3296180874040059,-1.2622991892120947,0,-0.375385118904492,0,1.2858659132359422,0,1.2582412854834708,-0.7113182731754548,-0.1784707571356208,100077
5,1,8,2,8,0,-0.3296180874040059,-0.4440590780579271,0,0.2569067776914826,0,0.199437936843202,2,-0.027933964879545,0.6037554348689503,0.1511445554315721,100056
3,1,8,2,4,1,1.8759390456584504,-0.4440590780579271,0,-0.4456397740818225,0,-1.3215612301066342,2,-0.5922761665694397,0.2092333224556287,-0.2081517568454628,100006
5,0,3,0,0,0,-0.3296180874040059,-0.4440590780579271,0,-1.4151540155289837,0,1.2858659132359422,0,1.4157321324666972,-0.7113182731754548,1.6367566988031386,100078
6,0,12,2,3,1,-0.3296180874040059,-1.2622991892120947,0,0.7346384328973301,0,-1.1585970336477232,2,0.5232839995617474,-0.7113182731754548,-0.5627615954841017,100096
3,1,2,1,3,1,1.8759390456584504,1.1924211442504082,0,-0.0522137050887716,0,-0.235133253713894,2,-0.224797523608578,0.0777259516511882,1.1505350588195422,100066
3,0,6,1,6,0,-0.3296180874040059,-0.4440590780579271,0,-1.1200844637841956,0,0.4710449309413871,2,-1.2091153172537432,-0.1852887899576927,0.7072727605212437,100044
1,0,0,0,7,0,1.8759390456584504,-0.4440590780579271,1,1.268573812245042,0,-3.0598459923350183,0,0.9826323032628246,-0.6587153248536786,-0.8306716718124125,100038
3,1,8,1,9,1,-0.3296180874040059,0.3741810330962405,0,1.7041526743444912,0,0.3080807344824761,1,1.6782168774387414,4.548976559002166,0.3253251589919608,100055
3,1,8,2,1,1,-0.3296180874040059,-0.4440590780579271,0,-0.937422360323136,0,-0.886990039549538,2,-1.0516244702705169,-0.0537814191532522,-0.7689664355735304,100067
3,1,12,2,0,0,-0.3296180874040059,-0.4440590780579271,0,-0.0381627740533055,0,-1.3215612301066342,2,-0.224797523608578,0.0777259516511882,-0.3221892820464347,100042
3,1,3,2,4,0,-0.3296180874040059,-0.4440590780579271,0,1.2264210191386438,0,-0.995632837188812,2,0.9695080660142223,0.3407406932600693,-0.045296797911198,100073
1,0,0,2,1,0,-0.3296180874040059,-0.4440590780579271,0,-0.9936260844650006,0,0.199437936843202,0,-1.13036989376213,-0.6587153248536786,-0.7615461856460699,100026
4,1,6,1,4,0,-0.3296180874040059,-0.4440590780579271,0,-1.2324919120679243,0,0.525366329761024,2,-1.327233452491163,-0.2378917382794689,-0.4229484652719511,100027
5,1,5,0,5,0,-0.3296180874040059,-0.4440590780579271,0,0.4255179501170759,0,0.4710449309413871,0,1.1663716247432554,-0.7113182731754548,0.3292305536906242,100010
1,0,2,2,3,1,-0.3296180874040059,-0.4440590780579271,0,-1.42920494656445,0,-0.9413114383691752,2,-1.4978485367229917,-0.4483035315665737,-0.0261603638877472,100074
3,1,4,0,5,0,-0.3296180874040059,-0.4440590780579271,0,-0.642352808578348,0,0.145116538023565,2,-0.7760154880498706,0.2092333224556287,-0.278058321951538,100066
1,0,3,1,2,0,-0.3296180874040059,0.3741810330962405,0,-1.1341353948196615,0,0.41672353212175,2,-1.2222395545023454,0.2355347966165168,-0.5830696479171514,100022
1,1,4,2,8,0,-0.3296180874040059,1.1924211442504082,0,-0.0732691254499406,0,-0.0503069316971559,2,-0.0641148494219308,-0.0072961430515154,-0.955644302169642,100077
1,0,0,0,3,0,-0.3296180874040059,-0.4440590780579271,0,-1.063880739642331,0,0.090795139203928,2,-1.13036989376213,0.2355347966165168,-0.2858691113488649,100088
5,1,4,0,5,0,-0.3296180874040059,-0.4440590780579271,0,1.0718607777485167,0,-0.506740247812079,0,1.3501109462236862,-0.7113182731754548,-0.3538229791056085,100085
3,1,1,2,1,0,-0.3296180874040059,-0.4440590780579271,0,-1.1200844637841956,0,-0.615383045451353,2,-1.2091153172537432,-0.1852887899576927,-0.8154406324876252,100020
3,1,10,0,4,1,-0.3296180874040059,-0.4440590780579271,0,-0.7126074637556785,0,1.2858659132359422,0,-0.867885148790086,-0.3430976349230213,3.536340680233028,100063
5,1,9,2,9,1,-0.3296180874040059,-0.4440590780579271,0,-0.4315888430463564,0,0.5796877285806611,2,-0.5791519293208376,0.6037554348689503,3.74645091502112,100074
2,0,6,0,9,0,-0.3296180874040059,1.1924211442504082,0,-0.7126074637556785,0,0.253759335662839,0,-0.867885148790086,-0.3430976349230213,0.231986225693905,100054
1,1,0,0,6,0,-0.3296180874040059,1.1924211442504082,1,0.1866521225141521,0,0.199437936843202,0,-0.027933964879545,-0.6587153248536786,-0.879098566075839,100049
5,1,5,0,3,0,-0.3296180874040059,0.3741810330962405,0,-1.0217279465359328,0,0.6883305262199351,0,1.3501109462236862,-0.7113182731754548,1.439924805990502,100048
6,1,3,2,0,1,-0.3296180874040059,-1.2622991892120947,0,-0.6283018775428819,0,-1.430204027745908,2,-0.9466305722816992,-0.7113182731754548,-0.934945710266726,100021
5,1,12,2,8,1,-0.3296180874040059,-0.4440590780579271,0,1.6057961570962285,0,0.3080807344824761,0,1.3501109462236862,-0.7113182731754548,0.2944725408725198,100007
1,0,3,1,2,0,1.8759390456584504,5.283621700021246,0,0.6081800535781352,0,-1.049954236008449,2,0.3395446780813166,0.2355347966165168,-0.2928988218064591,100079
1,1,6,0,3,0,-0.3296180874040059,-0.4440590780579271,0,-1.42920494656445,0,0.362402133302113,2,-1.4978485367229917,-0.4483035315665737,-0.9427564996640528,100064
6,0,9,2,1,0,-0.3296180874040059,-1.2622991892120947,0,0.3412123639042793,0,1.2858659132359422,0,1.1663716247432554,-0.7113182731754548,-0.7494394620802133,100070
5,1,10,0,3,0,1.8759390456584504,-0.4440590780579271,0,0.299059570797881,0,-1.810453819483368,2,-0.027933964879545,0.6037554348689503,0.6561120899687528,100052
4,1,6,1,3,1,-0.3296180874040059,-1.2622991892120947,0,0.313110501833347,0,0.090795139203928,2,-0.027933964879545,0.761564279834279,-0.3253135978053655,100035
5,1,0,0,0,0,-0.3296180874040059,-0.4440590780579271,0,1.268573812245042,0,0.4710449309413871,0,1.3501109462236862,-0.7113182731754548,1.6918227640542929,100038
5,1,0,2,9,0,1.8759390456584504,2.8289013665587435,1,1.2264210191386438,0,-0.995632837188812,0,1.2319928109862663,-0.7113182731754548,0.1964471339360678,100039
1,0,9,0,5,0,-0.3296180874040059,-0.4440590780579271,0,-0.0100609119823733,0,0.199437936843202,0,-0.2116732863599758,-0.6587153248536786,-0.77755830391059,100029
5,1,8,0,8,0,-0.3296180874040059,-0.4440590780579271,0,-0.7547602568620768,0,-0.0721690572549829,0,1.2319928109862663,-0.7113182731754548,0.0851433850241602,100012
1,0,10,0,9,0,1.8759390456584504,-0.4440590780579271,0,-1.6961726362383056,1,0.199437936843202,0,-1.0385002330219146,-0.6587153248536786,-0.7802920801996543,100028
5,1,3,2,9,1,-0.3296180874040059,-0.4440590780579271,0,-0.1786720844079665,0,0.6340091274002981,2,-0.5791519293208376,0.6037554348689503,0.7494510232668087,100055
2,1,4,0,3,0,-0.3296180874040059,2.010661255404576,0,0.5238744673653386,0,1.0142589191377571,2,0.3264204408327144,0.4459465899036217,-0.7966947379340408,100049
3,1,3,0,6,0,-0.3296180874040059,-0.4440590780579271,0,-0.9514732913586024,0,0.145116538023565,2,-1.0516244702705169,-0.1852887899576927,0.1609080421782307,100059
5,1,5,0,5,0,-0.3296180874040059,-0.4440590780579271,0,-0.9655242223940684,0,0.9599375203181202,2,-1.064748707519119,-0.0537814191532522,1.3719709382337584,100012
3,0,3,0,3,0,-0.3296180874040059,1.1924211442504082,0,0.3833651570106776,0,-0.398097450172805,0,0.1426811193522836,-0.2904946866012451,0.7592145100134672,100071
1,0,11,0,8,0,-0.3296180874040059,-0.4440590780579271,0,-0.8952695672167378,0,-0.995632837188812,2,-1.13036989376213,0.2355347966165168,-0.8466837900769325,100031
6,0,3,2,2,0,-0.3296180874040059,0.3741810330962405,0,0.453619812188008,0,1.2858659132359422,0,1.1663716247432554,-0.7113182731754548,-0.7150719887319752,100045
3,0,9,0,7,0,-0.3296180874040059,-0.4440590780579271,0,-1.4011030844935175,0,0.036473740384291,2,-1.4191031132313785,-0.1852887899576927,-0.3858472156346486,100085
2,0,3,2,1,0,-0.3296180874040059,-0.4440590780579271,0,-1.4011030844935175,0,-1.430204027745908,0,-1.510972773971594,-0.6061123765319024,-0.6393073315779048,100097
3,1,9,2,8,0,-0.3296180874040059,-0.4440590780579271,0,1.7463054674508895,0,-0.343776051353168,1,-0.0641148494219308,4.548976559002166,10.205192667670689,100021
5,1,9,0,3,0,-0.3296180874040059,-0.4440590780579271,0,0.7486893639327963,0,-0.0721690572549829,0,1.4157321324666972,-0.7113182731754548,-0.0011658378163013,100042
1,0,10,1,6,0,-0.3296180874040059,1.1924211442504082,0,-0.1505702223370343,0,-0.235133253713894,2,-0.3035429471001913,0.3407406932600693,-0.4909023330286947,100069
5,1,9,2,6,1,-0.3296180874040059,-0.4440590780579271,0,1.3247775363869063,0,-0.0721690572549829,0,1.4157321324666972,-0.7113182731754548,0.3104846591370398,100070
5,0,7,2,3,0,-0.3296180874040059,1.1924211442504082,0,1.1702172949967793,0,-0.1264904560746199,0,1.1663716247432554,-0.7113182731754548,0.4643572102643787,100058
3,1,0,0,4,0,-0.3296180874040059,-0.4440590780579271,0,-0.1224683602661021,0,-1.267239831286997,2,-0.2904187098515891,0.6037554348689503,-0.8252041192342837,100060
2,1,6,0,8,0,1.8759390456584504,-1.2622991892120947,0,-1.2324919120679243,0,0.525366329761024,2,-1.327233452491163,-0.2378917382794689,0.3175143695946339,100043
2,1,1,2,3,0,-0.3296180874040059,-0.4440590780579271,0,-0.1927230154434326,0,0.145116538023565,2,-0.4872822685806221,0.6037554348689503,0.5690217881885584,100082
1,0,6,1,2,1,-0.3296180874040059,-0.4440590780579271,0,1.1842682260322457,0,0.199437936843202,2,0.9826323032628246,0.2355347966165168,0.8611453116485825,100090
4,0,2,1,7,0,-0.3296180874040059,1.1924211442504082,0,0.5379253984008047,0,-0.180811854894257,2,0.3395446780813166,0.761564279834279,-0.4448186755844663,100051
1,0,10,2,0,0,-0.3296180874040059,-0.4440590780579271,0,0.1866521225141521,0,-0.886990039549538,0,-0.027933964879545,-0.6587153248536786,-0.9368984076160576,100028
3,1,8,2,4,1,-0.3296180874040059,2.010661255404576,0,-0.0100609119823733,0,-1.864775218303004,2,-0.2904187098515891,0.6037554348689503,-0.7244449360087674,100016
3,1,11,2,4,0,-0.3296180874040059,-0.4440590780579271,0,-0.8109639810039412,0,-1.9734180159422785,2,-0.933506335033097,-0.1852887899576927,-0.8583999741729228,100034
2,0,0,1,4,1,-0.3296180874040059,0.3741810330962405,0,0.3833651570106776,0,0.8512947226788461,0,0.1426811193522836,-0.2904946866012451,1.0216570337636492,100072
5,0,3,2,5,0,1.8759390456584504,2.8289013665587435,0,0.2709577087269487,0,-1.9734180159422785,2,-0.027933964879545,0.6037554348689503,0.7248470366652291,100035
6,1,9,0,8,1,-0.3296180874040059,-1.2622991892120947,0,0.5660272604717369,0,1.2858659132359422,0,1.2582412854834708,-0.7113182731754548,-0.7619367251159362,100006
1,0,9,0,8,1,-0.3296180874040059,-0.4440590780579271,0,1.268573812245042,0,-0.886990039549538,0,0.9826323032628246,-0.6587153248536786,-0.7306935675266288,100034
4,1,5,0,5,1,-0.3296180874040059,-1.2622991892120947,0,0.2288049156205504,0,-0.6697044442709901,2,-0.027933964879545,0.761564279834279,-0.4354457283076741,100093
4,1,1,0,2,0,-0.3296180874040059,-0.4440590780579271,0,0.5519763294362708,0,0.9599375203181202,2,0.3395446780813166,0.761564279834279,0.9388626661519848,100003
1,0,0,0,7,0,-0.3296180874040059,-0.4440590780579271,0,0.973504260500254,0,1.2858659132359422,0,0.7070233210421784,-0.6587153248536786,-0.8806607239553044,100092
1,0,11,2,0,0,-0.3296180874040059,-0.4440590780579271,0,-0.8390658430748734,0,-1.864775218303004,2,-1.0385002330219146,-0.1852887899576927,-0.9626740126272364,100039
1,0,8,2,9,1,-0.3296180874040059,1.1924211442504082,0,0.0882956052658894,0,1.2858659132359422,0,-0.1198036256197604,-0.6587153248536786,-0.7767772249708573,100027
1,1,0,2,7,0,-0.3296180874040059,1.1924211442504082,0,-1.4151540155289837,0,-1.21291843246736,2,-1.4978485367229917,-0.4483035315665737,-0.8396540796193384,100069
5,1,4,1,3,0,-0.3296180874040059,1.1924211442504082,0,1.6338980191671608,0,1.068580317957394,0,1.3501109462236862,-0.7113182731754548,-0.0984101658130206,100062
1,0,0,0,6,1,1.8759390456584504,-0.4440590780579271,0,-1.1341353948196615,0,0.145116538023565,2,-1.2222395545023454,0.2355347966165168,-0.896282302749958,100007
2,1,11,2,6,0,-0.3296180874040059,0.3741810330962405,0,-1.218440981032458,0,0.6340091274002981,2,-1.3141092152425609,0.1303288999729644,0.6307270244274406,100047
4,0,2,1,7,0,-0.3296180874040059,1.1924211442504082,0,-1.2605937741388564,0,0.9599375203181202,2,-1.3141092152425609,0.1303288999729644,-0.4448186755844663,100031
5,1,6,2,0,1,-0.3296180874040059,-0.4440590780579271,0,-0.375385118904492,0,-0.1264904560746199,0,1.4157321324666972,-0.7113182731754548,1.2544185578039893,100056
3,0,8,0,9,0,1.8759390456584504,-0.4440590780579271,1,-1.1341353948196615,0,-1.1585970336477232,2,-1.2091153172537432,-0.1852887899576927,0.1698904499851566,100003
2,1,11,1,4,0,-0.3296180874040059,-0.4440590780579271,0,-1.4011030844935175,0,-0.343776051353168,0,-1.510972773971594,-0.6061123765319024,2.631851268022579,100065
3,0,8,0,4,0,-0.3296180874040059,-0.4440590780579271,0,-0.0662646361242377,0,-0.452418848992442,2,-0.224797523608578,0.3407406932600693,-0.7002314888770542,100084
5,1,0,0,9,0,-0.3296180874040059,-0.4440590780579271,0,-1.063880739642331,0,0.3080807344824761,2,-1.064748707519119,-0.0537814191532522,-0.1398073496188529,100008
1,0,4,0,2,0,-0.3296180874040059,1.1924211442504082,0,-0.4456397740818225,0,-0.0721690572549829,2,-0.5791519293208376,0.2355347966165168,-0.8150500930177589,100028
5,1,6,1,1,1,-0.3296180874040059,2.8289013665587435,0,-0.9655242223940684,0,0.7426519250395721,2,-1.064748707519119,-0.0537814191532522,2.7911913717280465,100008
3,1,0,0,9,0,-0.3296180874040059,-0.4440590780579271,0,-0.0522137050887716,0,0.090795139203928,2,-0.224797523608578,0.3407406932600693,-0.4272443994404808,100086
1,0,10,2,1,0,-0.3296180874040059,-0.4440590780579271,0,0.9313514673938555,0,-0.995632837188812,2,0.7070233210421784,0.2355347966165168,-0.0160063376712223,100032
4,1,10,0,3,0,-0.3296180874040059,1.1924211442504082,0,-0.7126074637556785,0,0.9599375203181202,2,-0.8547609115414838,0.761564279834279,0.4389721447230664,100030
3,1,12,0,0,0,1.8759390456584504,-0.4440590780579271,0,-0.8109639810039412,0,-0.615383045451353,2,-0.933506335033097,-0.1852887899576927,-0.7037463441058512,100033
4,1,10,1,9,0,-0.3296180874040059,-1.2622991892120947,0,1.7463054674508895,0,0.6340091274002981,1,-0.0641148494219308,4.548976559002166,0.5428556437075135,100075
1,0,1,2,1,1,-0.3296180874040059,-0.4440590780579271,0,1.4652868467415676,0,1.2858659132359422,0,1.2582412854834708,-0.7113182731754548,-0.0956763895239562,100055
3,1,3,2,4,1,-0.3296180874040059,-0.4440590780579271,0,-0.4175379120108903,0,-0.0178476584353459,2,-0.6841458273096552,-0.0537814191532522,-0.7260070938882328,100097
3,1,7,3,2,0,-0.3296180874040059,-0.4440590780579271,0,-1.3870521534580516,0,0.090795139203928,0,-1.510972773971594,-0.6061123765319024,-0.2639989010363497,100017
5,1,5,0,0,0,-0.3296180874040059,-0.4440590780579271,0,0.3271614328688131,0,-0.180811854894257,0,1.4157321324666972,-0.7113182731754548,1.0775041779545362,100095
4,1,11,0,7,0,-0.3296180874040059,0.3741810330962405,0,0.6503328466845335,0,0.9599375203181202,2,0.4314143388215321,0.761564279834279,0.7549185758449374,100030
